# -*- coding: utf-8 -*-

# Resource object code
#
# Created by: The Resource Compiler for PyQt5 (Qt v5.15.2)
#
# WARNING! All changes made in this file will be lost!

from PyQt5 import QtCore

qt_resource_data = b"\
\x00\x00\x60\x87\
\x00\
\x02\x34\x3e\x78\x9c\xec\x5d\x07\x78\x14\x55\xd7\xbe\x9b\xde\x09\
\xa9\xa4\xf7\x00\x69\x90\x42\xef\xbd\xf7\xde\x3b\xa8\x74\x10\x51\
\x14\x44\x94\x26\x4a\xef\x45\xac\x28\x8a\xd8\x1b\x45\x40\x7a\xb5\
\xeb\xe7\x67\xd7\xcf\xdf\x02\x52\x93\x9d\x3e\xfb\x9f\x33\xbb\xb3\
\x99\x3b\xbb\x9b\x6c\x0a\x59\x4a\x8e\xcf\x31\x61\xb2\x3b\xe5\xde\
\xf7\xbe\xa7\xdc\x73\xef\x10\x62\x80\xff\x96\x11\x02\xff\x4f\x24\
\x75\x0a\xdc\x48\x04\xfc\x5e\x07\x14\x8f\x11\x37\xf3\x71\x45\x12\
\xdd\x48\x4a\x0e\x51\xb4\x5a\x6c\xc4\x00\x3a\x14\xf4\x3c\xe8\x4f\
\xa0\x4d\x5d\x7b\x3b\xd5\x72\x8b\x49\x3b\xd0\xbf\x41\x4d\x16\xdd\
\x03\x1a\xe8\xd2\x3b\xaa\x96\x5b\x45\x7c\x40\xdf\x24\xc5\xd8\x40\
\x15\x41\xef\x77\xe5\x4d\x55\xcb\x2d\x23\xad\x40\xaf\x12\x1a\x1f\
\xa8\xbf\x80\x66\xb8\xee\xb6\xaa\xe5\x16\x10\x2f\xd0\x17\x88\x2d\
\x36\x54\x5d\x49\xcc\xbe\x49\xb5\xdc\x9d\xd2\x1d\xf4\x06\x71\x8c\
\x8f\x7f\x48\xb5\xaf\x7a\xb7\x4a\x30\xe8\x01\x62\x8b\x09\x59\xf7\
\xef\x57\x89\xd9\x47\xa9\x96\xbb\x4b\xc6\x81\x0a\x44\x83\x85\x46\
\x59\x59\xdc\xe8\x1e\x3d\x8a\x0c\x06\x83\x16\x23\x46\xd0\x01\xae\
\xbb\xcd\x6a\x71\x81\xd4\x02\x3d\x47\x34\xd8\x88\xaf\x55\x8b\xbf\
\xf0\xd2\x4b\xdc\xd7\xaf\xbd\xc6\x45\x86\x84\x50\xb8\x01\xfd\x06\
\x34\xdf\x65\x77\x5b\x2d\x55\x2d\xb3\x89\xc6\x8e\x80\x03\x2a\xaf\
\x98\x3e\x9d\x91\xcf\x9d\x93\xd9\x93\x27\xa5\xa1\x9d\x3b\xb3\xc4\
\xd6\xee\x6c\x23\xd5\xbe\xea\xdd\x20\x49\xa0\xdf\x12\x4d\xdf\x67\
\xa7\xa6\x72\xff\xfb\xe0\x03\x41\x3a\x73\xc6\x04\x18\x31\xbd\xbf\
\x76\x2d\xeb\xeb\xe3\x23\x12\x1a\x1f\x98\x3f\xeb\xe4\xb2\xbb\xae\
\x96\xaa\x92\xc7\x89\xce\x1f\x5d\x39\x6b\x16\x23\x9f\x3d\x2b\x0b\
\xa7\x4f\x9b\x44\xc0\xc8\xf5\x23\x47\xc4\x8e\x8d\x1b\xdb\xe3\x10\
\xf4\x55\x3d\x5d\x75\xe3\xd5\x72\xd3\x25\x1b\xf4\x37\xa2\xe9\xf3\
\xfa\xe9\xe9\xdc\x1f\x16\xee\x40\x7c\xa0\x9a\x80\x43\x76\x2f\x5d\
\xca\x7a\x79\x7a\x4a\x84\xc6\xc7\x15\x62\xce\xa7\x55\xcb\x9d\x27\
\xee\xa0\x1b\x89\xa6\xbf\xdd\xdc\xdc\xa4\xcd\x0f\x3d\x84\x7e\x87\
\x15\x1b\x2a\x87\x5c\x3e\x74\x48\x6c\x9d\x9f\xcf\x11\x5b\x0e\xd9\
\x41\xcc\x79\xb5\x6a\xb9\xb3\x04\xc7\xfd\xbf\x44\xd3\xd7\x8d\xb3\
\xb3\xb9\x7f\xf6\xef\x17\x44\x0d\x77\x68\x39\x64\xd7\xe2\xc5\xac\
\xa7\x87\x87\x3d\x0e\x69\xe6\xb2\xa7\xa8\x96\x9b\x21\x01\xa0\x6f\
\x11\x4d\x3f\x63\xbf\x3f\xbf\x68\x11\xab\xe7\x0e\x2d\x87\x5c\x01\
\x0e\x69\x53\x50\x60\xcf\x0f\xd9\x49\xaa\x73\x66\x77\x92\x8c\x01\
\xa5\x6c\x05\xf6\x3b\xda\x10\x7b\xdc\xa1\xe5\x90\x57\x97\x2d\x63\
\xbd\x6d\xfd\x90\xcb\xa0\x0d\x5c\xf6\x34\xd5\x52\x99\x82\x25\x53\
\x67\x88\xa6\x7f\x7d\xbc\xbc\xa4\x3d\x4f\x3e\xc9\x9a\x1c\x70\x87\
\x96\x43\xae\x41\x2c\xd3\xb9\x49\x13\x7b\x1c\x82\x7e\x88\x87\xab\
\x1e\xaa\x5a\x2a\x4d\xee\x01\xa5\xc6\x7f\xb7\xe6\xcd\xd9\xeb\x9f\
\x7c\x52\x22\x77\xa8\x8a\xf6\xe7\x9d\x55\xab\x58\x3f\xdb\x7c\xc8\
\x1f\xa0\x79\x2e\x7b\xaa\x6a\xa9\x0c\x89\x04\x3d\x4b\x34\xfd\xea\
\xef\xeb\x2b\x62\xfe\xcb\x91\xdf\x61\xc3\x21\xa0\x45\xc7\x8e\x49\
\xfd\xda\xb6\x75\x94\x0f\xa9\x8e\x65\x6e\x5f\xb9\x8f\xe8\xb8\xa3\
\x7f\xfb\xf6\x2c\xf6\xb7\xe8\x04\x36\xb4\x1c\x72\x68\xcb\x16\xb6\
\x46\x40\x80\x9e\x43\x70\xfe\xbf\x89\xcb\x9e\xae\x5a\x2a\x22\x38\
\x07\x87\xf5\xc6\xd6\xfe\xc4\xfe\xc5\x7e\x76\x96\x3b\xb4\x8a\xf3\
\x32\x63\x7b\xf6\x64\x88\x2d\x87\x3c\x43\x94\x4a\xf0\x6a\xb9\xcd\
\x64\x0a\xd1\x71\xc7\xa8\xee\xdd\x59\xf6\xc4\x09\xa9\xac\xd8\x50\
\x38\xe4\xec\x59\xd3\xb9\x17\x5e\xe0\x22\x43\x43\xf5\x73\xbb\x3f\
\x83\xa6\xbb\xec\x29\xab\xa5\x3c\x12\x07\xfa\x39\xd1\xf4\x63\x58\
\x70\xb0\x70\xf2\xd9\x67\x39\xec\xe7\xf2\xe0\xc3\xa2\xf2\xec\xe1\
\xc3\x91\x43\xf4\x35\x44\x8f\xbb\xec\x49\xab\xa5\x3c\xb2\x90\xe8\
\xec\xc0\xbd\xfd\xfb\x33\xfc\xa9\x53\xe5\xe2\x0e\x55\x25\xc0\xd6\
\x7f\x5e\x7f\x9d\x4f\x8e\x89\xe1\x75\xe7\xc7\x35\x33\xb5\x5d\xf5\
\xb0\xd5\x52\x26\xb1\x99\x83\x8b\x0e\x0f\x17\x3e\xdb\xb5\xab\xa2\
\xdc\xa1\x62\x44\x5e\x32\x79\xb2\x3d\x0e\x59\xe2\xb2\x27\xae\x16\
\x67\x05\xe7\xe0\x36\x11\xdd\xfc\xfd\x23\xe3\xc6\x31\xe2\x99\x33\
\x72\x45\xb1\xa1\xe0\xe3\xcc\x19\xd3\xef\xef\xbf\x2f\xe4\xa4\xa5\
\xe9\xe7\xee\x7e\x01\xad\xeb\xa2\xe7\xae\x16\xe7\xa4\x05\xd1\xcd\
\xc1\x65\xa5\xa4\xf0\xbf\xbc\xfb\x2e\x2f\x39\x91\x0b\x2b\x4b\xbc\
\xbb\x79\xde\x3c\xc6\xdd\xcd\x4d\x9f\x77\x5f\xee\xba\x47\xaf\x96\
\x52\xc4\x1b\xf4\x15\xa2\xe9\x2f\x77\x77\x77\x69\xeb\xc3\x0f\xdb\
\xcc\xdf\x57\x54\x31\xef\x7a\xe9\xe0\x41\xa1\x45\x6e\xae\x9e\x43\
\xd0\xae\x65\xba\xac\x05\xaa\xa5\x24\xe9\x46\x74\x6b\x59\xda\x36\
\x68\xc0\x5e\xfe\xf8\x63\xa7\xf2\xe8\xe5\xe1\x90\xd7\x96\x2f\x67\
\x71\x2e\x87\xd0\x18\x79\xca\x75\x4d\x50\x2d\x0e\x04\xe7\xef\xdf\
\x27\xba\x3c\x3a\xce\x9b\x54\x36\x77\x68\x39\xe4\xc6\x27\x9f\x88\
\x3d\x5b\xb6\xd4\xe7\xdd\x7f\x27\x66\x1f\xb9\x5a\x6e\x1d\x19\x08\
\x4a\xf5\xd3\xe0\x4e\x9d\x58\xe3\xf1\xe3\x65\xca\xa3\x97\x87\x43\
\xf6\x6f\xdc\xc8\x06\xf9\xfb\xeb\xf3\xee\xab\x48\x75\xad\xfb\xad\
\x22\xb8\x0e\xee\x10\xd1\xf4\x4f\x68\x70\xb0\x70\xe2\x99\x67\x2a\
\x25\x9e\x2d\x4d\x99\x13\x27\xa4\x11\x5d\xbb\xea\x39\xe4\xff\x40\
\x0b\x5c\xd6\x22\xd5\xa2\x95\x51\xa0\x54\xbe\x6a\xf2\xc0\x81\x15\
\xce\x85\x39\xcd\x21\x80\xc1\x93\x3b\x77\x72\x98\x9f\x25\x34\x46\
\xf6\x83\x46\xbb\xac\x55\xaa\x05\x25\x0c\xf4\x04\xd1\xf4\x4b\x6c\
\x44\x84\xf0\xc5\x2b\xaf\x54\x09\x77\xa8\x8a\x58\xc4\xfc\x2c\xa1\
\xf1\x81\xfa\xa0\xcb\x5a\xa6\x5a\x50\x26\x11\xf3\x5e\x2e\xd6\x5c\
\xd8\x43\x63\xc6\x54\x5a\x2e\xac\x2c\x1c\xf2\xe9\xae\x5d\x5c\x54\
\x58\x98\x9e\x43\xbe\x02\x8d\x77\x59\xeb\xdc\xdd\x82\xb5\x3f\xd4\
\x1a\xda\xa4\x98\x18\xfe\xbb\xbd\x7b\x79\xa9\x0a\xb9\x43\xa3\xf2\
\xcc\xa1\x43\xed\x71\xc8\x03\x2e\x6b\xa1\xbb\x5b\xf4\xf3\xf7\xf2\
\x82\x09\x13\x18\xa9\x8a\xb9\x43\xcb\x21\x68\xd7\x62\xc2\xc3\xed\
\xad\xed\x4e\x70\x59\x2b\xdd\x9d\x82\x7e\xdf\x67\x44\xcb\x1d\xd1\
\xd1\xfc\x7f\x5d\xc7\x1d\x8a\x42\x2c\x2d\xcf\x1a\x36\xac\xda\x0f\
\x71\xbd\xcc\x22\xf4\xfc\xa9\xfc\xe0\xe8\xd1\x55\xee\x77\xd8\xe3\
\x90\xcf\x5e\x7e\xd9\x9e\x1f\x82\xeb\xc1\x13\x5d\xd5\x58\x77\x99\
\x60\xed\xcf\x97\x44\xd3\xfe\xb5\x42\x43\x85\xcf\xab\x38\x66\x71\
\xa4\x3c\x70\xc8\x3d\xfd\xfb\xdb\xab\x65\x7e\xc8\x65\x2d\x76\x77\
\x09\xfa\x7b\x54\xdb\x8f\xe9\xd9\x93\xad\xaa\x7c\x87\x33\x1c\x72\
\xfc\x99\x67\xb8\xe0\xc0\x40\x7d\x4e\xf5\x3f\xc4\xbc\xb7\x44\xb5\
\xdc\x3c\x49\x24\xba\xbd\x3b\x7c\xbc\xbd\xa5\xf7\xd6\xac\x29\x75\
\xad\x53\x55\x2a\xe6\xf5\x7b\xb5\x6a\x65\x8f\x43\x1e\x76\x55\xc3\
\xdd\x25\x82\xed\x4b\xb5\x79\xbd\xf4\x74\xfe\x9f\x03\x07\x44\xf4\
\x4b\x71\xce\xec\x56\x50\xd3\xf9\xf3\x26\x5c\xdb\x6b\xa7\x3e\xe4\
\x3b\xd0\x64\x97\xb5\xde\x9d\x2d\x29\xa0\xff\x25\x3a\x7c\xf4\x6e\
\xdd\xda\xf8\xe7\x47\x1f\x31\x7f\xed\xdb\xc7\xe9\x15\x8e\xbb\x44\
\xff\xde\xbf\x9f\x3b\xba\x7d\x7b\xa1\x9d\x9c\x3b\xea\x7c\x57\x35\
\xe0\x1d\x2e\x8b\x88\x6d\x5b\x9b\xc0\xce\x0b\xb5\x13\x13\xd9\xda\
\x09\x09\x95\xa2\xe9\xe5\xd1\xf8\x78\x5a\xe1\x58\x72\x4c\x0c\xee\
\x0d\xa1\xaf\x51\x45\x45\x8c\xa7\xb8\xa8\x0d\xef\x54\xc1\x57\x52\
\xfc\x4c\xec\xe0\xe3\x36\xd5\x05\x95\xdb\x3c\x77\xbd\x60\x5d\xa7\
\xab\xfb\xb4\x32\x15\x7d\xec\xea\x79\x99\xca\x11\x7c\x63\x0d\xd6\
\x64\xd9\x6b\x67\x7b\xfc\x6d\x72\x73\x33\x48\x9e\x1e\xee\xa2\x97\
\xa7\x87\xe8\xed\xe5\x21\xfa\x78\x79\x4a\xbe\xde\xc5\x8a\xff\xf6\
\x86\xbf\xe1\x67\x0c\x06\x83\xde\x87\xa4\xce\x03\xdf\x97\xfc\x7c\
\xbc\xe4\x00\x3f\x6f\x39\xc8\xdf\x47\x44\x0d\xf4\xf3\x91\xfc\x7d\
\xbd\x64\x38\x97\x8c\xe7\xc7\xf3\xb8\x95\x70\x1e\x07\xf7\x3d\xb3\
\x2a\x1a\xef\x0e\x17\x5c\xd7\xba\x96\xe8\xda\x37\x2a\x34\x90\xef\
\xdd\xbc\x0e\x7b\x4f\xcf\x82\xc2\xf0\x1a\x7e\x54\xed\x47\xe7\x26\
\x99\xdc\xde\x15\xf7\x18\xdf\x5b\x33\xa5\x68\xdf\x86\xe9\x45\x07\
\x37\xcd\x34\x1e\xda\x32\x9b\x3d\xbc\x75\x36\x77\xc4\xa2\x87\xe1\
\xdf\x78\xfc\xfd\xb5\x53\x8b\x76\x2d\x1e\xc7\x76\x6c\x9c\x41\xc5\
\xa2\xbe\xde\x5e\xd2\x83\xa3\x3b\x1b\xf7\x2c\x9f\x84\x9f\x63\x8e\
\x6e\x9f\x23\x9e\xdc\x39\x57\x3a\xfb\xfc\x43\xc2\xd9\xe7\xe7\x09\
\xa7\x9e\x7d\x50\x3a\xb6\x63\x8e\x74\x64\xeb\xfd\xbc\x72\x9e\x35\
\x53\x8b\x9e\x59\x30\xca\x18\x17\x49\xef\xab\x9b\x9b\x16\x65\x1c\
\xd7\x2d\xcf\x08\x3f\x39\x4f\x77\x9b\x58\xe6\x0b\xd0\xd8\x2a\x6e\
\xcf\x3b\x4d\x70\x8f\x9e\xbf\x88\xa6\x5d\x1b\xd6\x8d\x61\x5f\x5d\
\x38\x80\x3b\xbf\x75\xa2\xbc\x67\xd1\x40\x2e\x24\xc8\xd7\xda\x27\
\x30\x86\xe5\x17\x1f\x1f\xcb\x9a\x3e\xdf\x61\x32\x5d\xd8\xea\x9c\
\x7e\xb1\xc3\xb4\x79\xde\x30\xac\x43\xb7\x72\x51\x6c\x44\x4d\xf1\
\xd7\x77\x97\x0a\xa6\xcf\xb6\xdb\x7e\xfe\xbc\x83\xf3\x9c\xdf\x22\
\x8d\xe8\x46\xef\x89\x89\xf7\x7a\x62\xc3\x38\xe1\xc8\xda\x31\xe2\
\x8c\xfe\x8d\x19\xe0\x2c\x3d\x46\xe6\x56\x7d\x93\xde\x31\x82\x7b\
\xf3\x6c\x27\x9a\xf6\xac\x15\x12\x20\xbc\xb2\xa0\x3f\x60\x63\x92\
\x09\xf5\xc1\x61\xcd\xa9\x75\x6c\x31\x11\xc1\xc2\xf7\x6f\x3c\xce\
\x43\x5f\x99\xe4\xb3\x9b\x9d\x52\xec\xdb\x57\x97\x4e\x28\xd2\xda\
\x87\xf4\xf8\x48\xf6\xaf\x7d\x2b\x78\xd3\xb9\xb2\x9d\xe7\xe5\xc5\
\xe3\xa9\x9c\x47\x90\xbf\xb7\xf8\xc2\xc3\x7d\xb9\xf3\xdb\x26\x99\
\x4e\x6e\x1c\x2f\x75\x69\x94\xa6\x9f\xbb\xc3\x7c\x48\x75\x2c\x53\
\x3e\xd1\xaf\x75\x92\xc7\x76\xcd\x65\xce\x6d\x99\x28\x9f\xd9\x3c\
\xc1\x74\x6c\xfd\x58\xb1\x69\x56\x1c\x35\x5e\xfb\xb5\xcb\x63\xf9\
\x53\x1b\x25\x67\xfb\x54\xed\xd7\x77\x56\x4d\x2e\xf2\xd0\xf0\x7f\
\x76\x6a\x0c\x73\xf9\xe3\x95\x5c\x99\xf0\x01\x9f\xfd\xfd\xbd\x65\
\x7c\x6a\x5c\x84\xd6\xde\xc9\x93\xfb\x34\x64\x90\xeb\x40\x4d\x9b\
\x66\x76\x63\x7d\xc1\x5f\x21\x34\x46\x16\x57\x7d\xd3\xde\xf6\x82\
\x7b\xf2\xec\x22\x9a\x76\x44\x3b\xf2\x32\x70\xc7\x39\x68\x67\xd4\
\x67\x1f\xec\xcd\x05\xfa\x79\x59\xdb\x1a\x6d\xcb\x73\x0b\x47\xb3\
\xd8\xdf\x65\xc5\xc7\x07\xeb\xa6\x31\xe0\x63\x5a\xf1\x91\x5b\x3b\
\x9e\xbb\x7a\x78\x35\xf0\x87\xf3\xe7\xb1\xa8\x3c\xa9\x5f\x4b\x8a\
\x23\xea\xa5\x44\x72\x87\x57\x8f\x16\xcf\x6e\x99\x68\x3a\xb2\x66\
\xb4\x98\x07\xbe\x08\xa1\xf1\xf1\x2b\xa9\x5e\x53\x55\x56\xe9\x08\
\x7a\x8d\x68\xda\xb1\x47\xd3\xda\xec\xa9\x4d\xe3\x25\xe4\x0e\x68\
\x6b\x79\x44\xc7\x7a\x54\x3f\x24\xc7\x84\xf1\xbf\xbe\xbb\xa4\x4c\
\x36\x41\xc5\x07\xf8\xb1\x3c\xc4\x3a\x56\x3b\xd5\x20\x23\x41\xb8\
\x7e\x64\x8d\x58\x56\x7c\x28\x58\x5b\x3b\x95\xc5\xf8\x48\x3d\x97\
\xaf\xb7\x87\xb8\x79\x56\x77\x16\xf9\x03\x15\x6d\xa2\xc1\x60\x13\
\x77\x3d\xe9\x82\x36\xbe\x5d\xc5\x17\xf4\x0d\xa2\x69\x3f\x7f\x1f\
\x4f\x71\xcb\xec\x1e\x4a\x1b\xe3\x38\x7c\x77\xd9\x50\x3e\x3e\xb2\
\x06\x15\xb7\xdc\x03\xe3\x16\xc7\x6f\x19\xc7\xbb\xd2\xa7\x07\x36\
\xce\xc0\x38\xd6\xda\x67\x8d\xb2\x92\xa4\xeb\x9f\xac\x91\xca\x8c\
\x0f\xc0\x26\xd8\x25\xa1\x20\x23\x81\xe2\x88\xc1\x6d\xb3\x98\xb3\
\x5b\x26\xc8\x78\xef\x1f\x2c\x1f\x26\xa4\x44\xd7\xd4\xef\x0f\xf1\
\x0b\x31\xe7\x00\xab\xa5\x74\xe9\x05\x5a\x44\x34\xed\xd7\x36\x2f\
\x89\x3d\xbe\x61\x9c\xc2\x1d\xf6\xc6\xa0\x9f\x8f\x97\xb8\x7f\xe3\
\x8c\x32\xdb\x16\x15\x1f\x10\xa3\xca\x30\xe6\xad\xd7\x6b\x9c\x9d\
\x6c\x02\x7c\x98\xca\x61\x5f\x30\xbe\x91\x17\xdd\xd3\x93\xf2\x9b\
\x13\x00\xcb\xef\x2f\x1f\xc6\x23\x3e\xc0\x36\xca\xd3\xfa\x36\xb2\
\xb7\x3f\xc4\xa2\xaa\x6f\xea\xdb\x4e\xf0\x9d\xb3\x1f\x12\x2a\x17\
\xe1\x21\xae\x9b\xde\xd5\xc2\x1d\x13\x4c\x87\xc0\x96\xd7\x4f\xad\
\x45\x8d\xcf\x96\x79\x69\x5c\x79\xec\x81\x8a\x8f\x43\x9b\x67\x29\
\xb9\x2e\xf5\x7c\xcd\xea\xa5\xc8\x37\x3e\x59\x5b\x5e\x7c\x98\x2e\
\xbc\xf4\x30\x17\x5a\x23\xa0\x38\xee\x76\x33\x48\x8b\xc6\xb6\x61\
\x31\xe6\x42\x8c\xbc\xb3\x74\x28\x9f\xa0\xe3\x3f\x62\xae\x53\xad\
\xce\xa9\x96\x2c\x83\x89\x6e\x9d\x64\xeb\xfa\x89\x2c\xc6\x2a\x2a\
\x77\xac\x9c\xdc\x89\xf5\xd2\xf8\x92\xa0\xf2\xfa\xb9\x43\x98\xf2\
\x70\x87\x8a\x8f\xc3\x5b\x67\x4b\xbe\xde\x5e\x56\x7c\x34\xaf\x9f\
\x2a\x16\x1e\x5d\x2b\x9b\xca\x71\x3e\x54\xf6\xe4\x06\xa9\x57\xab\
\x7a\xd4\x73\xb4\x82\xe7\x38\x61\xe1\x40\x8c\xc1\xee\xeb\xdd\xc0\
\x1e\x87\x6c\x20\xe6\x7d\x08\xaa\xc5\x56\x6a\x82\x1e\x21\x7a\xee\
\x98\xd6\x45\xe1\x0e\x6c\x57\x6c\xdf\x76\x60\x6b\xb4\x9f\x49\x8e\
\x09\xe7\x7f\x79\x67\x49\x99\x72\x1e\x7a\x7c\x1c\xd9\x7a\xbf\x08\
\x36\xca\x8a\xb9\x96\xb9\x69\x42\xd1\xb1\xf2\xe3\x03\xcf\xf9\xc2\
\xa2\x31\x2c\xf2\x86\x7a\xce\x1a\x01\x3e\xc2\x8b\x0f\xf7\x35\xc7\
\x5f\xc0\x21\x6f\x2f\x19\xc2\xc7\x47\xd8\x70\x48\x21\xa9\x7e\x07\
\x91\x23\x19\x4b\x74\xef\x0b\x6c\x93\x9b\xc8\x1e\x5f\x3f\xd6\x3c\
\xe6\xa0\x5d\x9f\x99\xdb\x8b\x8a\x69\x51\x67\x0e\x6d\xc7\x40\x83\
\x97\xd9\x2f\xd5\xf6\xe5\x27\xdb\x68\x7c\xb4\xca\x43\x7c\xac\x2b\
\x3f\x3e\xc0\x4f\xfd\xe3\x83\xe5\x7c\xed\x84\x48\x2a\x17\x32\xb1\
\x47\x3e\x83\xfe\x47\x29\x1c\x82\x71\x7d\xf5\x3b\x88\x68\xc1\x3d\
\xd2\x4f\x13\x4d\x3b\xf9\x79\x7b\x8a\x1b\x66\x74\xb5\x72\x07\xa8\
\x3c\xa0\x75\x06\x15\xd3\xd6\x0c\xf4\x13\x4f\x3d\xfb\x20\x87\x36\
\xff\x56\xc2\x87\x05\x23\xf2\xac\x61\xed\xa9\xfb\xad\x1d\x17\xca\
\xed\x7f\x7a\xa4\x80\x7e\xd4\x39\xc5\x0f\x19\x02\x7e\x48\xb0\x9e\
\x43\x70\xef\xff\x96\x55\xde\x03\xb7\xb6\x4c\x26\xba\xbd\x4a\xdb\
\xe7\x27\x6b\xed\xb5\x69\xcf\x63\x03\xf9\x88\x9a\xfe\x14\xbf\xf4\
\x69\x53\x9f\x45\x5b\x5f\xde\x3e\x74\x64\x5f\x5a\xe5\xa5\x57\x1c\
\x1f\x70\xde\x63\xdb\xe7\x70\x81\xfe\xc5\xfb\xb6\x63\x8e\x76\xc5\
\x3d\x1d\x14\x3f\xd5\xc2\x89\xf2\xb4\x7e\x76\x63\x99\xe7\x48\x35\
\x87\xa8\x62\xb3\xd6\xc9\xdf\xd7\x4b\xdc\x32\xbb\xbb\x95\x3b\xb0\
\x1d\xef\xed\x45\x73\x31\xe6\x3b\x5f\x5b\x3e\xa9\x5c\x31\xad\x3d\
\x7c\xf8\x56\x3a\x7f\x6c\x36\xc1\x39\xc4\xf6\x8d\xea\x52\xfe\x52\
\xa7\x06\x29\xec\xa9\x8d\xd6\x3c\x9f\x09\xe3\x5e\x3b\xf9\x10\x9c\
\x57\xa8\x7e\x07\x91\x59\xa8\x77\x8d\xa2\x76\x69\x94\xc6\x9e\xdc\
\x38\xce\xda\x86\xfb\x9e\x1a\x21\xa4\xc7\x86\x52\x31\x6d\x7e\xdd\
\x78\xee\xd2\xc1\xa7\x85\xb2\xe6\x4b\x9d\xb1\x2f\x2d\x2b\x01\x1f\
\xea\xb9\xb7\xcc\x1b\x4e\xe5\x6a\x70\x9e\xe0\x95\x47\xcd\xf3\x04\
\x2a\xf6\xef\x1f\xd4\xd4\x5e\x4e\x15\xf7\xed\xbe\xdb\xdf\x1f\x92\
\x00\xfa\x35\xd1\xb4\x0b\xce\x79\xee\x00\x3f\x54\x6d\x3f\xe4\xe2\
\xc5\xe3\xdb\xb2\xee\x6e\x54\xfd\x8d\xbc\x6c\x4a\x1f\x06\x73\x51\
\x15\xe9\x3f\x47\xf8\x68\x91\x9b\x26\x56\x24\x7e\xb1\x9e\x1b\x62\
\x2a\x8c\xad\x30\xf7\xaf\xbd\xf7\xc9\xe0\x97\xaa\x7e\x2a\xe2\xff\
\xa3\x15\x23\x84\x3a\xf1\x61\xfa\x79\x99\x8b\xa0\x8d\xab\xbc\x47\
\x6e\x2d\xb1\x59\xaf\xd0\xbb\x79\x1d\x46\x9d\x67\x41\x3d\xbe\x7e\
\x9c\xd4\xb2\x5e\x02\xc5\xd1\x31\xe1\xc1\xc2\xb7\x7b\x1e\x2b\x77\
\x4c\xab\xc7\xc7\xd1\xed\x73\x04\x2d\x3e\x2a\x9a\xff\xd0\xa9\x3c\
\x79\x60\x6b\xca\x4f\xcd\x48\x08\xe7\x0e\xae\x34\xfb\xa9\x6a\x5e\
\xe7\x91\x91\x2d\x19\x37\x37\x9b\x1a\xb4\xad\xc4\xbc\xa7\xeb\xdd\
\x28\x36\xeb\x15\x42\x02\x7d\x85\x17\x2c\x39\x02\x35\xa6\xdd\xa9\
\xcc\xd3\x7a\x53\x31\xed\xd8\x5e\xcd\x58\xe9\xcc\xa6\x0a\xf9\xa5\
\x5a\x7c\x1c\xdb\x31\x47\x00\x9f\xc7\xda\x37\xcd\xea\xa5\x4a\x95\
\x85\x0f\x25\x3f\xbb\x65\x16\x1b\xe0\x5b\xfc\x0c\xe8\x3b\x3d\x7d\
\x5f\x27\xab\x7f\x85\x38\x39\xb8\x6a\x94\xa0\xcf\x0b\x13\xf3\xfb\
\x43\xee\xd6\xf7\x98\x3d\x46\x74\xdc\x81\xf3\x58\x18\xc7\xaa\xdc\
\x61\x9e\xa7\xcd\xa1\xc6\x9e\x32\xd7\xb2\xa1\x7c\x73\x2d\x8e\xfa\
\xef\xf8\x8e\x07\x00\x1f\xc5\xfd\xd7\x34\x07\xf3\xeb\xe5\x9b\x7f\
\xb1\x39\x3f\x9c\x03\xb0\x26\xb6\x29\xa8\x4d\xf5\x7d\xe7\x86\xa9\
\x56\x3f\x55\xe5\x90\x25\x13\xda\xb1\x9e\x1e\x36\x75\x88\xb8\x1f\
\xf4\xdd\xf6\xfe\x10\xdc\xcb\x1e\xf7\xb4\xb7\xb6\x03\xc6\xae\xbb\
\x1f\x1d\x60\xe5\x0e\xb4\xcb\xef\x2d\x1b\x66\x33\x4f\x81\xed\x0c\
\x7d\x57\xae\xb9\x16\x47\xf8\x38\xf1\xcc\x03\xbc\x16\x1f\x4d\x2a\
\x30\x3f\xe7\xe8\x1a\x1b\x1f\x1c\x4a\xc5\x5f\xa1\x41\x7e\xf4\xf3\
\x82\x7e\xb2\x76\x8c\xd8\x24\x33\x56\xbf\x2e\x13\xeb\x2b\xf3\xab\
\xbc\x87\x5c\x2b\x4b\x09\xdd\x06\xf2\x98\x2e\xf5\x95\x39\xf0\xe2\
\xf1\x34\xc9\x34\x7f\x64\x2b\xf0\xeb\x0d\xd6\x36\xc5\xdf\xb7\xcc\
\x1b\x56\xee\xb9\x16\x47\x7d\x77\x72\xe7\x5c\x5e\xcb\xff\x8d\xb3\
\x93\x64\xc0\x87\x5c\x69\xf8\x00\x3f\xe9\xa7\xb7\x17\xf3\x49\xd1\
\x8e\xfd\x54\x95\x43\x56\x4f\xe9\xcc\xfa\xd8\xd6\x98\xe1\xbc\xcc\
\xdd\xc2\x21\x19\xc4\x5c\x33\x65\x7d\xfe\xd8\xf0\x20\xfe\x8d\x27\
\x06\xf3\x98\x07\x53\xdb\xea\xe8\xba\xb1\x62\xe3\x0c\x7a\x2c\xa5\
\xc5\x45\xf0\xbf\xbd\xb7\xb4\xcc\x35\x40\x4e\xe1\x43\xe3\xe3\x94\
\xb7\xfe\xa3\x14\x95\xef\x1b\xd0\x8a\xb2\x95\x75\xc1\x4f\x3d\xa0\
\xf1\x53\x55\x7f\xbc\x5d\x7e\xf2\xdd\xcc\x21\x58\x2b\x45\x71\x07\
\xce\x43\xa8\x75\xa5\xea\x38\xda\x36\xa7\x07\x8b\x75\x41\xda\xcf\
\xce\x1e\xde\xa1\x42\x73\x2d\x8e\xf0\x81\x39\x7a\x2d\x3e\x1a\x66\
\x26\x8a\x95\x8d\x0f\x4b\x1d\x01\xeb\x4f\xf9\xa9\x6e\xd2\x53\xf7\
\x76\xd4\xce\x21\x28\xcf\xbe\xf5\xfe\x1e\x6c\xa0\xaf\xd7\xdd\xc8\
\x21\x36\xdc\x91\x1c\x5d\x93\x7f\x6f\xd9\x50\xa5\x76\x46\x6d\x23\
\xf4\x51\x07\xb5\xc9\xb2\x99\x6b\x39\x5d\xc1\xb9\x16\x47\xfd\x86\
\xe7\x0d\xf4\xf3\xb1\xe6\xee\x1b\x64\x26\x96\xab\xbe\xb0\xc4\xeb\
\xc0\xb9\x6e\x98\xfd\x54\x8a\x1b\x3a\x36\x48\x61\x4f\x6a\xfc\x54\
\x54\xf4\x5b\x7b\x36\xab\xad\xaf\x75\xbf\x1b\x38\x04\xdf\xa1\x63\
\x7d\x66\xcc\x19\x62\xee\x50\x6b\x83\xd1\xc6\xbc\xb5\x64\x08\x1f\
\x13\x16\x48\xf9\xa5\xbd\x5a\xd5\x67\xd9\x13\x15\x9b\x6b\x71\x88\
\x8f\xe7\x68\x7c\x14\x94\xb3\xfe\xd4\x99\x6b\x6d\xd2\xf9\xa9\x18\
\xd3\xab\x75\xd7\xd6\x36\x80\xdf\x31\xce\xc7\xbf\x11\x1a\x23\x77\
\x72\x2c\x93\x06\xfa\x23\xd1\xd9\x5f\xcc\x9d\x6b\xb9\x03\xf9\xf5\
\x81\x21\xcd\xa8\x36\xf4\x70\x77\x97\x76\x2f\x9d\x50\x69\x31\x2d\
\xd5\x67\xc0\x47\x67\x9e\x7b\x88\xc6\x47\xdd\x04\xfe\xda\x91\xd5\
\x42\xa5\xe3\x03\xfc\xd4\x9f\xdf\x5e\xc2\x27\xe9\xf2\xa9\x93\x7a\
\x16\x50\x63\x44\xe5\xd0\xa1\xed\xb3\xf5\x1c\xf2\x37\x68\xc3\x2a\
\xef\xb9\xaa\x11\x5c\xb3\x6e\x7d\x56\xcc\x15\xce\x1f\xd9\x92\xd1\
\xda\x5e\xf4\xd3\x0e\xaf\x19\x2d\xe6\xa6\xd1\x79\xa2\xfa\xb5\xe3\
\xb8\x8b\x07\x9e\xaa\xf0\x5c\x8b\xb3\xf8\xc8\xaf\x1b\x7f\x53\xf0\
\x61\x51\x9b\x7c\x6a\x3a\xce\xfb\xeb\xc6\x09\xf2\xe8\x6b\x8f\x0d\
\xe0\x6a\x85\x04\xe8\xe7\xee\xb6\x91\x3b\x6f\x5e\x06\x73\xa5\xdf\
\x13\xcd\x73\xe6\xa4\x44\x52\x39\x66\x95\x3b\xd6\x4e\xeb\xc2\x7a\
\x7b\xd2\xf5\x83\x4f\xdc\xd7\xab\x52\xe6\x5a\x1c\xe2\xe3\xf9\x87\
\x70\x1e\xbe\x4a\xf0\xa1\xd4\x33\x6e\x99\x4d\xe5\x53\x71\xde\x7f\
\xe9\xc4\xf6\xd6\x79\x7f\x6d\x7e\x70\x7c\xb7\x3c\xfd\xfc\x3f\xce\
\xed\x36\xaf\xfa\x2e\xbc\xa9\xf2\x04\xd1\x60\xc3\x1d\xda\x63\xd1\
\xd8\x36\x14\x77\x28\x7e\xd9\xa6\xf1\x52\xd7\xc6\x69\x94\xff\x16\
\x15\x56\x43\xf8\xfa\xd5\x85\x5c\x65\xcc\xb5\x38\xc2\xc7\xd9\xe7\
\x1f\x62\x83\xfc\xf5\xf6\x65\xcd\xcd\xc1\x87\x25\x9f\xda\xae\x61\
\x1d\xea\x39\xdb\xe4\x26\x59\xeb\x5d\x28\x5f\x6c\xf1\x60\x3e\x2e\
\x22\x48\xcf\x21\x2f\x92\x3b\xe7\xbd\xee\x36\xfb\x33\xe4\xa5\x47\
\x71\x87\x56\x8f\x12\xb5\xdc\x81\x3e\x19\xfa\x69\xda\xf5\xd6\xa8\
\xa3\xba\x37\x61\xc5\xd3\x95\x33\xd7\xe2\x08\x1f\xe7\x5e\x98\x47\
\xe1\xa3\x41\x46\xe5\xc7\x2f\x7a\x0e\xd9\xf6\xc8\x08\x2a\xf7\x57\
\xc3\xdf\x5b\x78\x7e\x5e\x1f\xca\x4f\x55\xeb\x10\x71\x8d\x26\xa1\
\x39\x04\xd7\x8e\x75\xac\xfa\xae\xac\x74\xc1\xb9\xc7\xcd\x44\xd3\
\xdf\xb8\xcf\x01\xce\x33\xe8\xb9\x03\xdb\x61\x42\xf7\x7c\xaa\x1d\
\x7c\xbd\x3d\xc5\x0f\xd7\x4d\xbb\x29\x7e\xa9\x16\x1f\xe7\x5f\x44\
\x7c\x14\xe3\xb2\x61\x56\x52\xa5\xe7\x3f\x68\x0e\x31\xaf\xd5\x4d\
\x8f\xa7\xea\x53\x4d\xa3\x3a\x63\x0e\x99\xf6\x53\xd5\xf5\x60\x49\
\x51\x36\x35\x44\xef\x80\xfa\x57\x79\x8f\x56\xae\xb4\x22\xba\xf7\
\x49\x36\xac\x13\xc3\xe2\x3a\x54\x2d\x77\x60\x1b\x7c\xb8\x62\xb8\
\x90\x12\x1d\x42\xb5\x41\xcb\x5c\x75\x5d\xcb\xcd\xb1\x2d\xc5\xf8\
\x78\x98\xad\x11\xe0\x6b\xbd\x76\x65\xe7\xd7\x1d\x60\x44\x9e\x33\
\xb2\x23\xe5\xa7\x26\xd6\x0a\xb6\xae\xa3\xa2\xc6\x0e\xc4\x36\x33\
\x07\x34\xd1\x73\x08\xda\xa7\xa1\x55\xde\xa3\x95\x27\xb8\x4e\x72\
\x0f\xd1\x3c\x3f\xae\x5b\x79\x52\xa9\xbf\xa4\x9f\x1f\xfd\xb2\xc7\
\xc6\xb4\xd6\xd7\x3f\xc8\x1b\x2a\xb0\xae\xa5\x2c\xf8\xb8\xf0\xd2\
\xc3\x8c\x16\x1f\x4d\x72\x92\x2b\x6d\xfe\xb6\xa4\xeb\x62\xdc\x54\
\x33\xc8\xcf\xea\xa7\xa2\xbd\xc1\x39\x27\x7d\xfb\x28\xeb\x32\x9f\
\x1c\x2e\xa4\xe9\x6a\xe8\x40\xcf\x92\xdb\xf7\x1d\x44\x7d\x88\x6e\
\x9d\x64\xd3\xcc\x38\x16\xe7\x28\xcf\xd2\x71\xbe\x32\xd7\xd2\x24\
\x93\xde\xab\x21\x25\xb6\x62\xeb\x5a\xca\xd2\x4f\x9f\xbe\xf4\x08\
\x13\xac\xc1\x47\xf3\xfa\x95\x57\xff\x51\x92\x72\x27\x37\x48\x7d\
\x5a\xd7\xa7\x9e\xbb\x51\xdd\x18\xf6\xa8\x9d\x36\x42\xcc\xcc\x1d\
\xd2\x8c\xf2\x59\x2c\x8a\xfb\x43\xdc\x6e\x39\x33\x7c\x27\xdc\xc7\
\x44\xf3\x1c\xb8\x77\x0e\xae\x7d\xb3\xe5\x0e\xf3\x7c\x83\x9f\x6e\
\xae\x65\xc6\x90\x8a\xad\x6b\x29\x0b\x3e\x3e\xdb\x05\xf8\x08\x2c\
\xc6\x47\x65\xd5\x9f\x96\x7a\x6d\xdc\x9b\x66\xd9\x44\xd6\x43\xb3\
\x1e\x10\xd7\x75\x6c\xd6\xd4\x66\x6b\x39\x04\x73\x89\x58\x7b\x46\
\x68\x7c\x60\xce\xec\x76\x7b\xd7\xdd\x38\xa2\x5b\xeb\xd4\x32\x27\
\x81\x3d\x06\x3c\xa1\x1f\x17\x98\x27\xec\xaf\x5b\xd7\x02\x5c\x2f\
\x9e\x78\x66\x2e\x77\xb3\x6d\x4b\x31\x3e\xe6\x03\x3e\x8a\xf7\x31\
\x6b\x53\x50\x9b\x37\x1e\x5f\x77\xd3\x62\x26\xeb\xb5\xc1\xaf\xba\
\x78\xe0\x69\x21\xb7\x76\x1c\xd5\xe7\xfd\x5a\xd6\xa5\xea\xa4\xb4\
\x63\x09\xed\x8f\x9d\x3a\xc4\x75\xe4\xf6\xe1\x90\x28\xa2\x7b\xaf\
\x93\x7e\x9d\xa4\x36\xbe\xc7\x79\xfd\xa8\x50\x3a\x47\xd8\xbd\x45\
\x0e\xcb\x9c\x58\x2f\xde\xec\xf1\x6b\xc5\xc7\xcb\x34\x3e\xda\x35\
\xa8\xc3\x31\xc7\xd7\xdf\x74\x7c\x58\xae\x2f\x3f\x71\x6f\x2f\xca\
\xf7\xc4\x9c\xe9\x1b\x8f\x0f\xa2\xea\x1d\xb4\x75\x88\xf5\x6c\xeb\
\x10\x2f\x91\xdb\x67\x4d\x95\xcd\x7a\x05\x65\x7f\x86\xf5\x74\xee\
\x47\x1d\x0f\xb3\x07\x36\xd1\xcd\xb5\xb8\x49\xbb\x9e\x18\x77\x53\
\x63\x5a\x3d\x3e\x3e\xd7\xe1\x03\xd7\xac\xb0\x27\xaa\x0c\x1f\xa6\
\xaf\x76\x3f\xca\xd5\x0a\x0d\xd2\xf2\xad\x3c\x0b\xda\x45\x3f\x9e\
\xd4\x36\x5b\x3c\xbe\x1d\x6b\x67\x3f\x44\x8c\x05\x7c\xaa\xbc\xb7\
\xcb\x26\xf8\xfe\x0a\xea\xfd\x0a\x58\xc3\x81\xfb\x6e\xd9\xda\x53\
\xf3\x5e\x0d\x98\x67\xd7\x7e\x3e\x27\x2d\x96\xfb\x7b\xdf\x8a\x9b\
\x32\xd7\xe2\x2c\x3e\x3a\x36\xce\x60\xaa\x0a\x1f\xa8\xc2\xe9\x4d\
\xd2\xf0\x2e\x8d\x28\x3f\x15\xdb\xe5\xd0\x6a\x3a\x0f\xa0\xb6\xdb\
\x91\x35\x63\x6c\x6a\xa7\x88\x79\x6d\x77\xd7\x4a\xed\xcc\xa4\x24\
\x1b\xad\xa0\x2c\x24\xf4\x3d\x9b\x3a\x35\x48\xb5\xc9\x1b\xab\xe3\
\x60\xcd\xd4\xce\x36\x73\x2d\x8f\x4d\xea\x71\xd3\xe6\x5a\x9c\xc5\
\x47\xa7\x26\x99\x46\x88\x2d\xc4\x2a\xbb\x07\xf3\x1e\x79\x2c\xee\
\xc5\xab\xde\x03\xb6\xcb\x5a\x3b\x36\xd9\x5a\x87\x38\xd5\x6e\x1d\
\xe2\x9b\xc4\x9c\x57\xa8\x14\xd1\xe0\xc2\x4d\x8b\x91\xc4\xc4\x44\
\x12\x1f\x1f\xaf\xfc\x84\x78\xca\xd9\xd3\xd9\xd4\x1c\xe3\x5a\xfb\
\x6d\x73\x7a\xda\x7d\xc6\xd3\x9b\xc6\x4b\xdd\x9b\xa4\x53\x63\x20\
\x32\x24\x48\xf8\x72\xf7\x82\x4a\xaf\x01\x2a\x0d\x1f\x7a\xff\xb4\
\x73\xd3\x2a\xc6\x07\x70\xe5\x95\x43\xab\x84\x46\x59\x49\x14\x97\
\xe2\x9e\x6b\xa7\x37\x4d\xb0\x19\x5b\x4a\x1d\x22\x8c\xb9\x0e\x05\
\x29\xf6\x38\xa4\x4b\x65\xe2\x03\x30\xe0\x0e\x3f\x67\x83\x2e\x01\
\xed\x03\x9a\x0e\xc7\xfc\x92\x93\x93\x29\xbc\xc4\xc5\xc5\x29\x3f\
\x4b\x90\x65\xba\x7b\x35\x41\xff\x33\xa7\x74\xb5\x51\xc5\x73\xd7\
\x03\xf9\xf0\x60\x3f\x2a\xc6\x19\xde\xb5\x11\x2b\x9c\x2e\xdb\xfe\
\x94\x95\x83\x8f\x47\x28\x7c\x74\x69\x9a\x55\xa5\xf8\xb0\x70\x88\
\xfc\xe4\xf4\x7e\x94\x2f\x86\x35\xfd\xaf\x2f\xb2\xf5\x53\xd5\xf9\
\x2a\x5c\x67\x88\xf3\x36\xba\x76\x47\x3f\xa4\x52\xf6\x98\xc1\xfe\
\x4e\x49\x49\x41\x0c\x6c\x04\x35\x81\xf2\xa0\xff\x03\x3d\x60\xc1\
\x4b\x0f\xd0\x24\xf8\x9c\x97\x9e\x5f\x12\x12\x12\x88\x87\x87\xb5\
\x0c\xc1\xa6\x6e\x10\xf7\x43\xc1\x3d\x28\xf5\xf3\x4d\x6a\xbe\x78\
\x6a\x5f\x7a\xce\x09\xf7\xfc\x7b\x77\xf5\x94\x2a\xf3\x4b\xb5\xf8\
\xf8\x74\x17\x9d\x1f\x73\x09\x3e\xce\x6f\x31\xe1\x9a\xc0\xe8\xf0\
\x1a\x94\x9f\x3a\xdb\x81\x9f\x6a\xe6\xe0\x09\xd2\x80\xd6\x99\xfa\
\x1a\x22\x9c\xbb\x6b\x5b\x59\xf8\xb0\xf4\xf9\x24\x0b\x3e\xf4\xca\
\x81\xfe\x0c\xfa\x36\xe8\x3c\xd0\x76\xa0\xb1\xf0\x3d\x4f\xfc\x5e\
\x4c\x4c\x8c\x7a\x2a\xfd\x7a\x05\x53\x5f\x88\xe1\x4f\x6f\xb2\xe5\
\x0e\xf4\xaf\xb0\x66\xbb\xae\x2e\xcf\xd3\x24\x27\x99\xbb\x7a\x78\
\x55\x95\xf9\xa5\x5a\x7c\xe8\xf3\xeb\xae\xc0\x07\x2a\xce\x53\x8f\
\xd4\xed\xd1\x8d\x73\xdd\xe8\x8f\xda\xc9\x1b\x29\x1c\x82\x6b\x68\
\x22\x75\xfb\x5e\x10\xf3\xfc\x7f\x85\xf7\x87\xd0\x70\x42\x53\xd0\
\x6b\x0e\x30\xa2\xd5\x22\xd0\xff\x82\xbe\x05\x7a\x4f\x66\x66\x26\
\xf2\x18\xd6\xfe\x50\x75\x83\xa1\x41\xbe\xc2\x4b\x8f\xf4\xb5\xcb\
\x1d\x38\xd7\xb2\x6c\x62\x7b\xd6\x83\x8e\xcf\xe4\x55\xb3\x06\xde\
\xf4\xb9\x16\x47\xf8\xc0\xf9\xb9\xa0\x80\xe2\xf9\xdb\xaa\xf6\x3f\
\xac\xf7\xa2\xfa\xa9\x9a\x7d\xda\x71\x0e\x5b\xdd\xdb\xd3\x1e\x87\
\xe0\x7c\xef\xb8\xae\xb9\xf6\x6a\x88\x2a\x65\x7f\x08\x0b\x3e\x22\
\x41\xbf\x74\x02\x1f\x5a\x2d\x04\x1f\x05\xf7\xc0\x9e\x49\x74\xdc\
\x31\xa4\x5d\xb6\xdd\xfc\x9f\xea\x57\xe1\x9e\x73\xda\xcf\xc7\xd7\
\x0a\x29\xf3\xbe\xe9\x95\x89\x0f\x7d\x7d\x50\xa7\x26\x10\xdf\xba\
\x02\x1f\xc0\x9d\xff\xda\xd9\x3f\x15\xeb\x50\xf5\xf3\xfe\x5a\x5f\
\xee\x4d\xa5\x86\xc8\x66\x2f\x33\xdc\xbb\xbe\xc2\x6b\xbb\xd1\xc6\
\x80\x62\xfc\xf2\xa2\x3d\x1c\xc0\xdf\x1c\x62\x04\x62\x9c\x95\x70\
\x8a\x63\xda\xfb\x42\xae\xc3\xf7\x2b\x38\xf2\xa9\x94\x3d\xc4\x74\
\x6b\x3b\x26\xf5\x6d\xc9\x42\xfb\x54\xa9\x5f\xaa\x1d\xb3\xfa\xf5\
\x0d\x1d\x1a\xd5\xad\xd2\xfc\x87\x0e\xaf\xf2\xe3\xba\x7c\x2a\xd6\
\x7e\x60\xfd\x83\x7e\xde\x5f\x5b\x3b\x63\x67\x2f\xb3\x4a\x59\xdb\
\x9d\x9a\x9a\xaa\x72\xc8\x7d\xfa\xfe\xaf\x53\xa7\x8e\x54\xbf\x7e\
\x7d\x01\x7e\x97\x01\x0b\x36\xf8\x88\x8d\x8d\xbd\xec\xee\xee\xae\
\xf5\x8f\xe4\x31\x5d\x72\xa9\x75\x92\xfa\xb9\x16\x5c\x83\xad\xc5\
\x86\xbf\x8f\x97\x78\x70\xd3\xcc\x2a\xf7\x4b\xb5\xf8\xd0\xaf\xbf\
\x6d\x5b\x85\xf9\x75\x3b\xf8\xc0\x78\x8a\x0b\x0b\x2e\xde\x3f\x15\
\x6d\xf1\x93\x9a\x7d\xa9\xec\x71\x88\x79\x4f\x55\x9b\xbd\xcc\x36\
\x92\x0a\xce\xcb\x60\x9e\xc3\x82\x8f\x06\xa0\x97\xd5\xbe\x87\xf8\
\xc4\xd4\xb1\x63\x47\xee\xf4\xe9\xd3\xc6\x5d\xbb\x76\xb1\xa3\x47\
\x8f\x66\xd3\xd2\xd2\x64\x1d\x3e\x38\xc0\x87\xf5\x9e\xec\xad\x93\
\xa4\x78\x50\x99\x6b\xa1\xd7\xb5\xb4\xca\x4b\xb7\xae\xb7\xbe\x99\
\xf5\x16\x25\xe1\xc3\x76\x7f\xba\x8a\xef\x3f\x56\x11\xe5\xec\xec\
\x9f\xda\xa3\x69\xba\xc3\x5c\x88\x1a\x13\x4e\xb6\xe5\x90\x4a\x59\
\x53\x65\xc1\x47\x30\xe8\x29\xad\x5d\x29\x28\x28\x10\x7e\xfc\xf1\
\x47\xde\x04\x52\x58\x58\x28\x20\x46\xb4\x3c\x02\x18\x12\xbd\xbd\
\xbd\x55\x5b\xa9\xd4\x49\x9e\x73\x60\x27\xd1\xbf\xb2\x53\x03\x25\
\xaf\x9d\x33\xd8\xea\x97\xde\x38\xba\x56\x30\x1e\x5f\x8f\xf5\x62\
\xb2\xe5\x9d\x3b\x37\x1d\x33\x78\x9d\x8f\x37\xcf\xc2\xfd\xb5\xad\
\xf7\x65\xde\xdf\xa1\x7c\xfb\x27\x57\xd6\x3d\xed\x7c\x74\x14\xeb\
\xa6\xa9\xf5\xc0\xf5\x62\xc8\x11\x25\xd8\x18\xc5\x0f\x89\x09\xb3\
\xa9\x65\xc6\xfa\xce\x0a\xf9\x21\xe8\x83\x58\xec\xcc\x1a\x2d\x3f\
\xc0\x31\xe9\x83\x0f\x3e\x60\x4d\x16\x79\xee\xb9\xe7\x18\xf8\xac\
\x96\x43\xe4\xa0\xa0\x20\x05\xe7\xa9\x31\x21\x9c\xbd\xda\x38\x35\
\xa6\xfd\x78\xd5\x28\x21\x2b\x29\x82\xf2\xbb\xe2\x22\x6b\x5a\xfc\
\xd2\xad\x26\xe8\x0f\x71\xca\xb0\x2e\xc6\x41\x5d\x5b\x72\x8f\x4d\
\x1e\xc0\xec\x5d\x39\x95\xfd\x66\xcf\x22\xac\x23\x47\x3f\xf1\xa6\
\xe1\x05\xcf\xbb\x7f\xe3\x0c\xd1\x5b\xf3\xfe\x06\x65\xfd\xed\x91\
\x9b\x57\x7f\x5a\xea\x3d\x59\xf6\xa5\x4a\x8c\x0e\xb5\xf6\x35\xce\
\xe9\xe3\xbc\x9c\x23\x1b\xa3\xc6\x32\x23\x3b\xd5\xd3\xe7\x43\x30\
\x96\xa9\x50\x3e\x44\x13\xe7\xf6\x07\x15\x34\xfe\xa7\xe9\xc9\x27\
\x9f\x64\x00\x1a\x32\xe2\xe3\xec\xd9\xb3\x5c\x46\x46\x86\xa8\xfa\
\xac\x10\xbf\x98\xc2\xc2\xc2\x10\xe7\xe2\x43\xc3\x9a\x33\xf6\xe2\
\x59\x95\x3b\x9e\xba\xaf\x23\xeb\x49\xef\x8b\xad\xd4\xa6\xe3\x3e\
\x40\xd8\x47\x6f\xaf\x99\xce\xa6\xa5\xa6\x48\x71\xf1\x09\x70\xdd\
\x04\x38\x77\x92\x54\x3f\xbb\xae\xd0\xb3\x5d\x13\xee\xa1\xf1\xbd\
\x99\x57\x57\x4c\x56\xf0\x82\x38\xb2\xf2\x4b\x25\xe4\x4a\xf0\x3c\
\x58\x03\xad\xdd\xb3\x3b\xaf\x4e\x3c\x77\xad\x7c\xef\x7f\xa9\x34\
\xc5\x76\xc1\xf6\xd1\xb6\x17\xce\x47\x94\x62\x63\x4c\x2f\x3e\xd2\
\x97\x0b\x0e\xf0\xd1\xe7\x43\x0e\x82\x86\x96\x17\x1f\x38\xc7\x62\
\xc1\x47\x0a\xe8\x2f\x5a\x7c\x8c\x18\x31\x82\xe5\x38\x4e\x44\x7c\
\xfc\xfd\xf7\xdf\x42\xeb\xd6\xad\x79\xf4\x4d\xd4\xcf\xd4\x8a\x8a\
\xe2\x1a\x65\xc4\x15\x1d\x5c\x35\xca\x66\xae\x51\x55\x5c\x7f\x8c\
\xeb\x90\xb5\xf7\x8c\x58\x79\xe3\xa9\x7b\x59\xd3\xa7\xdb\x20\xa6\
\x5b\x25\xf4\xee\xd0\x8c\x8b\x4f\x48\xb4\x89\x9d\xf0\x18\x62\x06\
\xfe\x2d\xe5\x02\x5e\xfa\x74\x6c\xc6\x2d\x02\x7e\xf9\x70\xc3\x2c\
\xf6\xaf\x7d\x4f\x09\x95\x81\x0f\xfd\xfb\xa3\x32\x93\xa3\x99\x7f\
\x0f\x96\xed\xfd\x51\x95\xce\x21\x70\x5f\xb8\xa6\xd4\x5d\x73\x5f\
\x18\xc3\xe2\x9e\x39\x8e\x6c\x8c\xb9\xad\xc7\x49\xed\x6d\xf7\x87\
\x40\xdf\x7b\x5c\x79\xf1\x81\x62\x89\x73\xbd\x2c\xb9\x52\xab\x8f\
\xda\xb4\x69\x53\xe1\xf7\xdf\x7f\x57\x7c\x10\x41\x10\xa4\xb1\x63\
\xc7\xd2\x3e\x48\x62\xa2\xb4\x68\xbc\x6d\xdd\xa0\x16\xd3\xca\xba\
\x16\xdd\x5a\xe3\xba\x49\x51\xfc\x5f\x1f\xad\x10\xb0\x1d\xb6\x2f\
\x1c\xcf\xa0\xad\x2a\x2d\xe7\x62\xc6\x8b\x95\x5f\xc4\xe5\x33\x87\
\x14\x99\xca\xf1\xce\x17\x3b\xfd\x40\xbd\x7f\x0e\xf7\x1b\xfc\xdf\
\x07\xcb\xab\x3c\x97\x4b\xdd\x17\x5c\xfb\x57\x9d\x8d\x41\x0c\x9b\
\xf7\x2d\x73\x6c\x63\xf0\x6f\xb8\x7e\xc4\xdd\xb6\xc6\x0c\xf7\xb6\
\x0f\x2e\x2f\x3e\x34\x36\xe6\x01\x6d\x9f\xa4\xa7\xa7\x4b\x87\x0e\
\x1d\x52\x7d\x10\x79\xd9\xb2\x65\x8c\x2e\xd6\x95\x1f\x1d\xd7\xc9\
\x78\x6a\xd3\x78\x11\x7d\x53\xf5\x3d\x49\x78\x9f\x17\xb6\x4d\x32\
\x7d\xb6\xfd\x1e\x7b\xeb\x7b\x94\xf7\xf9\x98\x3e\xdb\x26\xff\xbd\
\xff\x69\xa1\x43\x8b\x02\x2e\x41\xc3\x1d\x88\x83\xb8\xb8\x38\x85\
\xbf\xec\xe5\x5f\x12\x41\x33\xea\xa4\x8b\xc7\x9e\x79\x88\xb3\xfb\
\x8e\x49\x7b\xef\x9c\x3c\xef\xe0\xdd\x93\x5f\xec\x30\x6d\xd1\xbd\
\xbf\x32\x32\x34\x48\xfc\xe1\xcd\x27\x78\xa7\xce\x7d\xb3\x14\x78\
\x15\x30\x22\xe1\x3b\xf5\xb4\xed\x36\xb4\x5d\x36\x03\xed\x2a\xe1\
\x3b\x0f\xad\xba\xb5\x58\xb1\xcd\x3f\x5a\x31\xdc\xde\xfb\x43\xf0\
\xdf\xc3\x2b\x01\x1f\x2d\x40\xaf\x6b\x6d\xcc\xaa\x55\xab\xac\x3e\
\xc8\xeb\xaf\xbf\xce\xea\xc7\x7a\x4e\x46\xba\xd0\xa7\x5d\x01\x3b\
\x73\x48\x1b\xe6\xf1\x89\x9d\x6f\x2c\x1a\xdf\xe1\xda\x23\x23\x5a\
\x16\x82\x4f\x62\xc4\xb5\xf8\x76\xf6\x07\xc6\xbd\xb1\x8b\xb6\xcd\
\x1f\x79\x6d\xce\xd8\x9e\x37\x52\x52\x92\x65\x2d\x36\x9a\x34\x69\
\x22\x4e\x9f\x3e\x9d\xeb\xd3\xa7\x0f\x97\x95\x95\x25\xd9\xe3\x91\
\xbc\x9c\x0c\xe3\xaa\x39\x43\x2f\x6d\x9d\x3f\xfa\xca\xe6\x87\x47\
\x5e\x55\x75\xcb\x23\xa3\xae\xc0\xb1\xcb\xdb\x16\x8c\x01\x35\xff\
\x7c\xe6\xb1\x71\x97\x9e\x5d\x34\x01\xf5\xf2\xb3\x8b\xc6\xff\xfb\
\xe2\x13\x13\xae\xbd\xbc\x74\x22\xbb\x1b\x74\xc7\x82\x91\x6c\xfb\
\x86\x75\x29\x9f\x0e\xdf\x79\x3c\x7b\x78\x87\xa2\x97\x17\x8f\xe7\
\xdf\x5b\x33\xd5\x78\x70\xd3\xcc\xa2\x23\x5b\x67\x1b\x8f\x6e\x9f\
\xc3\x6a\x15\xe2\x62\xe6\xc8\xd6\xfb\x99\x43\x5b\x66\x2b\x9f\xd9\
\xbf\x61\x46\xd1\x47\xeb\xa7\x15\xe1\x7b\x75\xe1\x7b\x45\x1f\xc0\
\x4f\xcb\x3b\x78\x8b\xf0\x33\x47\xe0\xf3\xf8\xbd\x63\x3b\xe6\x70\
\xc7\x77\x3c\xc0\x1f\x7f\xe6\x01\x01\xf7\xc6\xc3\xdf\xf1\x38\x5c\
\x83\xc1\xcf\xe2\x77\x5f\x5b\x36\x91\x7b\x76\xe1\x68\x01\xee\x8d\
\xce\x35\x47\xd4\xe0\x66\x0e\x68\x5c\x78\xff\xa0\xa6\x85\xb3\x41\
\x67\x0d\x6c\x52\x38\x6b\x40\x93\x42\x3c\x36\xa3\x7f\xe3\xc2\xe9\
\xfd\x1a\x15\xc2\x78\xbc\x01\xf8\xd0\xdb\x18\xd4\x13\xa0\xe1\x15\
\xc4\x48\x38\xe8\xe7\x5a\x7c\x8c\x1a\x35\xca\xea\x83\x7c\xf6\xd9\
\x67\xd8\x67\xa2\x76\x5c\x27\x26\xa2\x2d\x4a\x54\x14\xe3\x1b\xf8\
\x8e\x50\xab\x56\x2d\x36\x38\x38\x98\xf1\xf1\xf1\x01\x1b\xea\x2e\
\xd8\x7b\x4f\xb5\x87\xa7\x27\x13\x1b\x17\xc7\xeb\xfa\x5f\xde\xbe\
\x7d\x3b\xe2\x51\x32\x1a\x8d\x02\xf0\x95\x51\x17\x33\xe1\x35\x24\
\x88\x9b\x8c\x06\x37\x37\x0e\x9c\x27\x54\x5e\xa3\xca\x31\xf8\x1b\
\x5c\xdb\xf7\x46\x48\x68\xe8\xb5\xe8\x98\x98\x6b\x60\x93\x8a\xe0\
\xfe\x58\xb0\x4f\x1c\xdc\x1f\x07\xfc\xc4\xc7\xc4\xc4\xb0\x61\x61\
\xe1\x4c\x40\x40\x20\xe3\xe5\xe5\xc5\xeb\xef\x11\xd7\x12\xe0\xbb\
\xb1\x95\x77\x70\x7b\x7b\x2a\x7b\x70\xfb\x69\xd4\xf2\x3e\x6e\x7c\
\x3f\xb7\xf2\x19\x7c\x5f\x37\xf8\xb9\xca\xfb\xb4\x55\xd5\xbc\xc3\
\x5b\xf4\xd5\x9d\x03\xdf\xc1\x8d\xaa\xfe\x1b\xaf\xa1\xbe\xd7\xdb\
\x4e\x0d\xb2\x56\x65\x27\xd4\xde\xf7\xf0\x9c\x33\x2a\x82\x0f\x4b\
\xae\xfd\x59\x47\x3e\xc8\xd5\xab\x57\x85\x1e\x3d\x7a\x60\xfb\x3a\
\x33\x47\x23\xc3\xf9\xc4\xd8\xd8\x58\x3e\x32\x32\x52\xc1\x8b\xaf\
\xaf\x2f\xeb\xe1\xe1\xc1\xbb\xb9\xb9\x09\x10\xfb\x50\x7e\x07\x5e\
\xab\x6b\xd7\xae\xdc\xc5\x8b\x17\x05\xbc\xd6\xf5\xeb\xd7\xc5\x21\
\x43\x86\x70\x5a\x7f\x18\x35\x2a\x2a\x8a\x85\xef\xeb\x6b\xa7\xac\
\x8a\x7d\x8d\x71\x15\xe2\xb4\xb4\x7b\xc4\x18\x2c\xc9\x9c\x1f\x16\
\xf0\x1e\x03\x02\x02\x4a\x3c\xf7\x1d\xa0\xb8\xe7\x6c\x7a\x79\xf0\
\xa1\xc9\xb5\xdf\xa3\x6d\xc3\xb4\xb4\x34\xe9\xe0\xc1\x83\xd6\x3c\
\xc8\x3b\xef\xbc\xc3\xb6\x6c\xd9\x92\xc7\xe3\xc8\x2f\x8e\xfc\x04\
\x7b\xfd\x80\x78\x01\x6c\x09\x38\x76\xf1\x77\xed\x67\x52\x52\x52\
\xe4\x97\x5e\x7a\x89\x51\xaf\xf3\xea\xab\xaf\x32\x98\x83\xd1\x7e\
\x06\xe2\x19\xd1\xdb\xd7\xdf\x1e\x77\x9a\xb0\x5f\x6b\xd4\xa8\x81\
\xfe\x91\x9e\x93\x9c\x52\xcb\x3d\x4a\x88\x3f\xc4\x31\xd1\xbd\x53\
\xe2\x0e\xd2\x35\xa4\x1c\x79\x77\xac\xf9\xb1\xe0\xa3\x11\xe8\x55\
\xad\x8d\x59\xb1\x62\x85\xd5\x07\xc1\x9f\x7f\xfc\xf1\x07\xbf\x7f\
\xff\x7e\x16\xf3\x23\x43\x87\x0e\xe5\x1a\x35\x6a\x24\x40\xff\x3a\
\x8d\x17\xbd\xe2\x77\xd0\xdf\xb8\x72\xe5\x8a\xc2\x1d\x97\x2e\x5d\
\x12\xba\x77\xef\xce\xe9\xe7\x7d\x0a\xea\x44\x32\x8d\x92\x0c\x5c\
\xc3\x44\xc2\x37\x4e\x22\x5c\x93\x64\xc2\x36\x4f\x25\x4c\x52\x84\
\x77\x51\xad\x5a\x51\xe8\x1b\xd9\xf5\x57\x12\x94\xb8\x27\xde\xea\
\xf7\x96\x76\x8f\x98\x1b\x0e\x0f\x0f\x67\xf2\x92\x7c\x2e\x77\xc8\
\x70\xbf\xd6\x22\xcd\x60\x6c\x96\x42\x58\xd4\xba\x51\x84\x73\xd3\
\xed\xa7\x1f\x1f\x42\x84\x76\x75\x08\xd3\x2f\x97\x08\x23\x1b\x13\
\xfe\xde\x56\xa4\x68\x7a\x3b\x52\x38\xbb\x03\x29\x7c\xa0\x23\x29\
\x9c\xdb\x49\xd1\x22\x8b\x2a\xc7\xee\x87\xbf\xcd\x6a\x4f\x0a\x67\
\xc0\xe7\xa6\xb6\x21\x85\xf7\xb5\x26\x45\xf7\xb4\x24\x45\x13\x9a\
\x13\xe3\xe8\x26\x84\xeb\x9f\x47\x04\x78\x36\x36\x2c\x80\xe8\xf3\
\x19\x8a\x46\x78\x79\x71\x0d\x03\x03\x8b\x1a\x38\xd0\x82\xc0\x40\
\x63\x5e\x40\x80\x31\xc0\xdd\x5d\xcf\x87\xb8\x1e\xa2\x45\x59\xf1\
\x81\x62\xc1\x47\x44\x92\x66\xbe\x1f\xdb\x72\xd8\xb0\x61\x1c\xcb\
\xb2\xa2\xc9\x56\x64\x3c\xfe\xf3\xcf\x3f\xf3\xef\xbd\xf7\x1e\xbb\
\x70\xe1\x42\xb6\x77\xef\xde\x5c\xfd\xfa\xf5\x91\x1b\x64\xec\x0f\
\xec\x9b\xd2\xf0\x82\x3c\x01\xbe\xaf\xca\x1d\xf2\x8e\x1d\x3b\x28\
\xdb\x83\x3e\x4e\xbd\x3a\x09\xe2\x27\x73\x7d\xd9\x1b\x6b\x0c\xf2\
\xb5\xd5\x06\xe9\xfa\x1a\x83\x54\xb4\xd6\x20\xfd\xb0\xd8\x83\xe9\
\xdc\x30\x86\x49\x48\x4c\xb6\x8d\x87\xe1\xde\x33\x33\x33\xc5\xf6\
\xed\xdb\xf3\x80\x63\x66\xdc\xb8\x71\xcc\x88\x11\x23\x8c\xdd\xba\
\x75\xe3\x1b\x34\x68\x20\xe0\x75\xf1\x33\x7a\x1b\xa6\x7c\x3f\x29\
\xd9\x34\xb6\x7d\xad\xa2\x3f\x56\x78\x30\xcc\x7a\x83\x58\xb8\xd6\
\x20\x1a\xd7\x19\xa4\x23\xf7\x1b\x98\x40\x1f\x62\x6d\xf3\x1a\xbe\
\x44\xf8\x78\x96\x81\xe1\x37\x1a\x44\x71\x93\x41\x92\x37\x1b\x64\
\xd3\x16\x8b\x6e\x75\x42\xb7\xd8\x2a\x9e\x03\xce\x25\xe3\x35\x2f\
\x3c\x6c\xe0\x06\x15\x10\x56\xff\x8e\x87\xf6\x35\x6b\x1a\x8f\xe6\
\xe6\xf2\xc7\x72\x73\x85\x92\x74\x4c\xad\x5a\xf6\xde\x31\xb3\x9b\
\x94\x63\x3d\x84\xa5\x76\xd0\x03\xda\x67\xaf\xb6\x9d\x91\x1f\x10\
\x03\x2a\x28\x78\x9e\x97\x34\x7c\x42\xe1\xe5\xc6\x8d\x1b\xe2\xd7\
\x5f\x7f\xcd\xbd\xfc\xf2\xcb\xec\xec\xd9\xb3\xd9\x8e\x1d\x3b\xf2\
\xd8\x47\x70\x5e\x59\xed\x0b\x2d\x5e\xf0\xd8\xe0\xc1\x83\x39\xf4\
\x37\xf0\x04\xc8\x4d\xed\xda\xb5\xa3\xf2\x70\xf1\x80\x8f\xb9\xbd\
\xc3\x19\x6c\x7f\x68\x3f\x93\x69\x33\x28\xfc\xe4\x36\xb8\x49\x0f\
\xc2\x71\xc4\x8f\x6e\xfc\x9b\xb0\xff\x1f\x7b\xec\x31\xe6\xf4\xe9\
\xd3\x2c\xf2\x11\xfa\xd8\x28\x70\xef\xe2\xb5\x6b\xd7\x44\x9c\x5b\
\x42\x4c\x3f\xf4\xd0\x43\x4c\x8b\x16\x2d\x78\xf4\x83\xf5\x38\x86\
\x58\x5a\x9e\xdc\x25\x82\xbd\xb2\xda\x5d\x54\xae\xbb\xd5\x60\xfa\
\xf1\x09\x83\x10\x1d\x5c\x3c\xa6\x6b\xd5\x20\xfc\x0f\x4f\x18\x58\
\x61\xa3\x9b\x05\x13\xc4\xa4\xde\xa3\x5c\x41\x55\x9e\x13\xae\x79\
\x79\xa5\x41\xe8\x98\x41\xbf\xbb\x31\xcd\xd7\x97\xdf\x5f\xaf\x9e\
\x70\x26\x2f\xcf\x74\xda\x81\x9e\x05\x7d\x3b\x2b\x8b\x4f\xf2\xf1\
\xd1\xc7\x90\x37\x48\x39\xde\x75\x87\x36\xc6\x52\x9b\xbc\x4c\x3f\
\xbe\xdf\x7f\xff\x7d\xab\x0f\xb2\x6b\xd7\xae\x1b\xf7\xdf\x7f\x3f\
\xb3\x7b\xf7\x6e\xf6\xab\xaf\xbe\x52\xfb\xd6\x06\x2f\xb2\x2c\x4b\
\xff\xfe\xfb\xaf\x80\xb9\x79\x8c\x4b\xee\xbd\xf7\x5e\xb6\x4d\x9b\
\x36\x7c\xdd\xba\x75\x15\xbc\x20\xbf\xa0\x1f\xa3\x39\xb7\xbc\x7a\
\xf5\x6a\x6a\x9e\x07\xfb\xbe\x61\x56\xbc\xf0\xf5\x22\x6f\x0e\xdb\
\xdd\xda\x76\xf0\xfb\xab\x93\x03\x99\xf4\xd4\x44\x29\x51\x87\x8d\
\x81\x03\x07\xb2\x9f\x7e\xfa\x29\xe7\x00\xc3\x36\xb7\xf9\xdb\x6f\
\xbf\xf1\x6b\xd6\xac\x61\x70\x1c\xe8\xb9\x04\xae\x2f\x3f\x36\x20\
\x14\xf8\xc1\x4d\xc1\xe6\xc5\xa7\x0d\x7c\x46\x14\xb1\xb6\x37\x72\
\xc9\xc7\xb3\xdd\x8c\x8f\xf6\x0f\x33\x3e\xdc\x37\x8c\x7d\x63\x6a\
\x00\xfb\x9f\xc7\xbd\xb8\x1b\x6b\x15\x4c\x55\x0a\x5e\x10\x23\x1f\
\x4e\x33\xb0\x7e\x5e\xc5\xbc\xe5\x0b\xfe\xd6\x96\xf4\x74\xee\x5c\
\x7e\xbe\x43\x7c\x28\x18\x81\xbf\x3f\x18\x1f\xcf\xb8\xd9\xc6\x90\
\x7b\x49\x19\xd7\x43\x40\x2c\xaa\xfa\x21\x53\xf4\xfe\xc1\xe3\x8f\
\x3f\x6e\xf5\x41\x9e\x7d\xf6\x59\x16\xe2\x12\xec\x43\xb9\x1e\x60\
\x18\x63\x1a\x18\x87\xec\x6b\xaf\xbd\xc6\x7e\xf3\xcd\x37\x3c\x72\
\x88\xbd\xbe\x81\xe1\x2b\xfd\xf3\xcf\x3f\xc2\xa9\x53\xa7\x58\xc4\
\xcb\xb4\x69\xd3\xd8\xf9\xf3\xe7\x1b\x8b\x8a\x8a\x14\xee\x80\x31\
\xcd\x35\x6b\xd6\x8c\xe2\x8e\x04\xe8\x9f\xa5\x83\x43\x18\xe4\x5c\
\x2d\x36\xfe\x5c\xe1\xc1\x77\x6c\x10\xcb\x27\x24\xd2\xd8\x00\x5b\
\xc8\xfe\xdf\xff\xfd\x1f\xaf\xbd\x2e\xf2\xdd\x4f\x3f\xfd\xc4\x1f\
\x3e\x7c\x98\x03\xff\xba\xe8\x83\x0f\x3e\x60\x2e\x5c\xb8\xc0\x5d\
\xbe\x7c\x59\xd0\xdc\xa7\x0c\xf1\x3b\xdb\xaf\x5f\x3f\x2a\x66\x42\
\xec\xd5\x4d\x4b\x14\xdf\x9f\xe9\xcf\x62\x3f\x01\xe7\x4b\xe0\x17\
\x58\xe7\x1a\xdd\xdd\x88\xbc\x76\x88\x7b\x61\x87\x82\x58\x2e\x26\
\x3e\x19\x73\xbb\x72\x5e\x46\x82\xd0\xa7\x59\x34\x37\xbf\x5f\x18\
\xb3\x77\x6a\x20\xfb\xed\xe3\xde\x15\xc2\x0b\x7e\x16\x6d\x4d\xfb\
\xba\x34\x87\xa0\xed\x00\x8e\x90\x4b\xc2\x07\xf2\xcb\x41\xe8\xa3\
\xfc\xc0\x40\xfd\xba\xcc\xf2\xae\xa9\x32\x04\x06\x06\x3e\x05\x98\
\x90\xb5\xf8\xe8\xdf\xbf\x3f\xa7\xf6\xe3\x89\x13\x27\xb8\x3a\x75\
\xea\x28\x79\x10\xd5\xce\x5b\x62\x5e\xa5\xa6\xa8\x57\xaf\x5e\xdc\
\x23\x8f\x3c\xc2\xec\xdd\xbb\x97\xfd\xcf\x7f\xfe\xc3\x17\x16\x16\
\x3a\xe4\x17\xe4\x7c\xf5\x9f\x88\x41\x1d\x36\x4c\x2d\x73\xe3\xf8\
\x9f\x97\x79\xf2\x14\x77\x40\x3f\xbd\x30\x29\xc8\x26\x3e\xc6\xb8\
\xea\xbb\xef\xbe\xe3\xb4\x78\xc4\xfc\xef\x84\x09\x13\xd8\x86\x0d\
\x1b\x0a\x98\x0f\x06\x7e\x94\x30\x56\x42\x9b\xd7\xb9\x73\x67\xfe\
\xa9\xa7\x9e\x62\xd4\xf8\x1d\x05\xb9\x64\xc0\x80\x01\x14\x46\xe2\
\x13\x92\x4c\xbd\x9b\x46\x73\xff\xae\x72\x17\x24\xb0\x71\x7d\x73\
\xa9\x7e\x92\xa7\xb4\xf3\xbc\xd6\xac\x5e\xbc\xa8\xda\x39\xfc\x89\
\x36\x31\x3e\xa1\x18\x2f\xf8\xfd\xf9\x7d\xc3\x98\xd7\x2d\x78\x31\
\xae\x77\x13\xcb\xca\x21\xdb\x47\x18\xa8\x77\x4d\xd5\xf6\xf3\xe3\
\xf6\xe5\xe4\x94\x68\x63\x50\x91\x63\x9e\x4e\x49\x61\x7d\x6c\x63\
\xf7\xb7\x40\xfd\xca\x88\x8f\xe6\x06\x83\xe1\xaf\x5a\xb5\x6a\xf1\
\xc5\x1c\x9b\x68\xca\xcf\xcf\x17\xd4\xb6\x87\xf1\x29\xa0\xcd\xb6\
\xeb\xd7\x69\xf0\x82\x7d\x91\x0b\x3e\x12\xc6\x26\x0b\x16\x2c\x60\
\xde\x7c\xf3\x4d\xf6\xbf\xff\xfd\x2f\x6f\xc1\x19\x85\x17\xb4\x53\
\xe8\x33\xe8\x7c\x00\x79\xe3\xe8\x60\xc6\xe2\xb3\x59\xdb\x8a\x81\
\xb6\x1d\xd9\xb6\x16\x8b\xfd\xa6\x89\x4f\x65\xe0\x35\x2b\xc7\x21\
\x67\xac\x5d\xbb\x96\x41\x1c\xe0\xbd\xd8\xf8\x16\x96\xb8\x06\xed\
\x5c\xa7\x4e\x9d\xb8\x93\x27\x4f\x5a\xed\xe7\x97\x5f\x7e\xc9\x61\
\xde\x47\xfb\x7c\x29\xc9\x49\xd2\xee\xfb\x02\x19\xd3\x36\x83\x3c\
\xa5\x35\xa1\xea\xe6\x6a\xc7\xd5\xb8\x9a\x9e\x6a\x1b\x3b\x69\x6d\
\xa4\x15\x2f\xf0\x4c\xf5\xeb\x26\xf0\x6f\x4c\x0d\x2c\xc4\x3e\x77\
\x1a\x1f\x30\x3e\x7e\x5d\x6a\xe0\x53\xc2\x8b\x6d\x9b\x07\xd8\x8c\
\xe5\xc9\xc9\x6c\x69\x36\x06\x15\x7c\x55\x09\x7c\x5a\x7d\x6e\x00\
\xf7\x68\xe9\x51\x06\x6c\x20\x96\x5e\xc7\xef\x86\x84\x84\x50\xe3\
\x13\xdb\x1f\xf9\x40\x6d\x7b\x7d\xbd\x90\xe3\xb6\xa1\xf1\x82\x38\
\x43\xbc\xbc\xf8\xe2\x8b\x45\xc0\x1f\x4a\x5f\x4a\x20\x73\xe7\xce\
\xa5\xe6\x76\x90\x3b\xba\x34\x8a\xe1\xfe\x7a\xca\x43\xd0\xfb\x1d\
\xdf\x2f\xf6\xe2\x0b\x32\xe3\x05\x75\xbc\x5a\xea\xdd\x78\xb4\x5d\
\x2a\x17\xed\xdc\xb9\x93\x41\xdf\xc6\x99\x58\x1b\xaf\xdb\xaa\x55\
\x2b\x1e\x6c\xa3\xca\x3d\xf2\xc6\x8d\x1b\xa9\xe7\x47\x2c\x22\x26\
\x85\x4d\x6e\xe2\x8a\x7e\x0a\x7f\xa8\xe3\x58\x0e\x0e\xae\x59\x94\
\x94\x64\x1b\x3f\x39\xba\x36\xfa\xbd\x7b\xa6\x04\x72\x68\x6b\xca\
\xe8\x8b\xc8\x10\x03\x53\xf3\x01\xd8\xe7\x27\xa0\xef\x4b\xc3\x07\
\x62\x68\x7b\xed\xda\x5c\x90\x87\xcd\xba\xcc\x77\x89\xf3\x7b\x99\
\xf5\x07\x35\xe2\xf7\xfc\xfc\xfc\x30\x87\x25\x69\xdb\xf0\xe1\x87\
\x1f\x66\xd5\xf1\x89\xf3\x32\x5a\x1b\xe4\xac\x5a\xda\x4c\x02\xdf\
\xd6\x9a\x0b\x3b\x73\xe6\x0c\x0b\x7e\x0c\x95\xb7\xc7\xf1\xba\xeb\
\xde\x20\x46\x8b\x0d\x33\xcf\x12\xd3\x7b\x33\x03\x58\xfc\xbb\xf6\
\xde\x9e\x78\xe2\x09\x2b\x77\x00\x47\x71\x8d\x1b\x37\xa6\xc6\xbf\
\x32\x0f\x60\xc6\x93\x9c\x50\xfc\xbb\x55\x11\xbf\x93\x27\x4f\xc6\
\xb9\x04\x8c\xcd\x4c\x68\x73\xd0\x5e\xa9\xe7\xc0\xef\xe7\x03\x26\
\x7f\x5c\xea\xc5\xbd\x79\x2f\x61\xc1\xef\x50\xfd\x3d\x19\xc6\x12\
\xd6\xf3\xd3\xf3\x52\xc0\xfb\xe8\x87\xdb\x8b\x8b\xc0\xa7\x16\x0f\
\xcf\xf5\x63\xcb\xc2\x1f\xaa\x8d\x79\x6f\x8a\x81\xf5\xf6\x28\xce\
\xdd\x05\x7b\x78\x08\x2f\xd6\xad\xcb\x9d\x75\x82\x43\x4e\xe5\xe5\
\x49\x7d\xc3\xc3\xf5\x35\x44\xd8\xdf\xbd\x9d\xc0\x46\x08\xe8\x61\
\xf5\x7b\x1e\x70\x5d\xcc\x75\x6a\xfb\x00\xfd\x50\x88\x55\x94\x31\
\x8a\x76\x1d\xed\x79\x59\xf1\x81\xe7\x19\x34\x68\x10\xab\xc6\xb3\
\xc8\x45\xd8\x2f\x5a\xee\xc0\xb1\x3a\xa0\x45\x14\x77\x75\xb5\xbb\
\x60\x8b\x0f\x83\xbc\x7a\x44\x4d\x46\x6b\x5b\x90\x27\x0e\x1c\x38\
\x60\x8d\x81\x30\x16\x41\xbb\xa1\xc5\x46\xa3\xec\x78\xe1\xa9\xa1\
\x21\xec\xeb\x53\x02\xf9\xf5\xa3\x82\xd9\x5e\xe0\x0f\x24\x51\x39\
\x96\x44\x53\x76\x76\xb6\x88\x7e\xab\xe5\x3c\xd2\x9c\x39\x73\xa8\
\xfb\xc2\xba\x25\xc4\xe6\x57\x8f\x12\x2e\xc4\xcf\x1a\x4b\xc8\xa1\
\xa1\xa1\x8c\x25\xff\x6a\xee\xff\xf4\x74\x19\xf1\x8f\x71\x1b\xd8\
\x3c\x23\x85\x33\xd0\xac\xda\x09\xd2\x67\x8f\xfa\x70\x65\xc6\x87\
\x39\x7e\x12\xb2\xa2\x89\xd6\xd7\x94\x27\x45\x45\x19\x2f\xe4\xe7\
\xcb\xe7\x2c\x31\xad\x23\x7f\x04\x31\x84\x58\x0a\xf5\xf4\xd4\xe7\
\xdc\x3e\x00\x0d\x28\x05\x1f\x13\x08\x29\x8e\x9f\x0c\xe0\xcb\x44\
\x45\x47\xb3\xda\xf6\xc3\x31\x8e\x7e\x02\x36\xde\x1f\x7f\xfc\x21\
\x34\x6f\xde\xdc\xae\x0f\x52\x92\x22\xa6\x30\xef\xa0\x72\x07\xe2\
\x4c\x5b\x97\x86\xed\x57\x1b\x62\x56\xec\x07\x07\xed\x27\xcd\xe8\
\x1e\xc1\xc6\x25\x24\x5b\xef\xab\x49\x93\x26\x02\xfa\x95\x78\x3e\
\x86\x61\x94\x79\x1b\xb5\x5f\xf1\x7c\x99\xe9\x4a\xfc\xc1\x98\x73\
\x52\x04\x39\x48\xbe\xb8\xd2\x83\x9f\xd2\x25\x82\xca\x9d\x20\x1f\
\xae\x5b\xb7\xce\xca\x43\xaf\xbe\xfa\x2a\x35\x5f\x8d\x98\x5c\x35\
\xbc\x26\x7b\x75\x95\x41\xc8\x89\xb5\xfa\x01\x72\x78\x78\x38\xaf\
\xe2\x03\xef\x07\xb9\xe3\xeb\xaf\xbf\x56\x6d\xb1\x00\xfe\xae\x15\
\x67\x78\xbd\x06\x59\xf1\xfc\x4f\x4b\xbd\x78\x3d\xf6\x4b\xcb\x83\
\x48\xf0\xec\xe0\xdb\xb2\xad\xb3\x83\x0b\xfd\x03\x82\x04\x88\x23\
\xc4\xa0\x1a\x35\xb8\x7a\xd1\xd1\x85\x8f\x64\x64\x30\x5b\xb3\xb3\
\xd9\x37\xea\xd5\xe3\x0f\xe7\xe6\x8a\x80\x07\x05\x2f\x76\xb0\x22\
\x0f\x8c\x88\xd0\x73\x08\xfe\xbb\x6f\x09\xd8\xc0\x7d\x7f\x2e\x68\
\xbf\x03\x18\xe3\xdb\x25\x26\x16\xea\xfa\x57\xc6\xbc\x17\x3e\x37\
\xd6\x0b\x8d\x1b\x37\xce\x29\x1f\x44\xcb\x1d\x38\x1f\xac\xc6\x41\
\x46\xa3\x51\xc4\x7f\xeb\xb9\x63\x6c\xfb\x5a\xac\x71\x9d\x9b\x68\
\x2f\x06\x44\xbf\x7f\x50\xcb\x28\x4e\xe5\x0f\x0b\x1f\x71\x88\x0b\
\x3c\xe7\xff\xfe\xf7\x3f\x5e\xeb\x5b\xe2\xe7\x46\xb7\xab\xc5\xb2\
\x1b\xe8\xf3\x61\x7b\xff\xb0\xc4\x8b\x6b\x9a\x13\x27\xa8\xb6\x06\
\x6d\xcc\xa4\x49\x93\x58\x8c\x7b\xf0\x5c\xe7\xce\x9d\xc3\x9a\x4a\
\xab\x0f\x83\x98\x9c\xdd\x23\x9c\x85\x18\x46\x1c\xd6\xd0\x1c\xc3\
\xe0\xbc\x2f\xf8\xf2\x46\x2d\x3e\xc0\xb6\x89\x80\x57\x85\x67\x31\
\xff\xd3\xae\x5d\x3b\xeb\xfd\xe0\xb5\x5a\xe7\xc5\x0a\xff\x3c\xed\
\x61\xc3\x8d\x8e\x70\x71\x6d\x8d\xbb\xb0\x6f\xb6\x3f\x3b\x0b\xae\
\xdd\x38\x47\x99\x77\x94\x35\xaa\x8c\x01\xf4\x69\xd2\x30\x7e\x4c\
\x4e\x16\xda\xa5\xa5\x71\xe3\xea\xd4\x61\x9f\xce\xca\x62\xdf\xad\
\x5f\x9f\x47\x4c\x9c\xd5\x70\xc8\x0b\xc0\x21\x35\xc1\x3e\xe8\x30\
\xf2\x11\x68\xa0\x03\x7c\xcc\xd1\x7d\xd6\xd4\x2f\x2c\x8c\x7d\x2e\
\x27\x87\xc9\x48\x4e\x16\xd5\xfc\x13\xb6\x1f\x72\x2e\x72\x2f\x3e\
\xfb\xa6\x4d\x9b\x28\x1e\x2f\xcd\xef\x40\x7b\xac\x9d\xeb\x7b\xf7\
\xdd\x77\x29\x1b\x65\xe1\x5e\xf1\xe8\x83\xf6\x6d\xb3\xc2\xaf\x2b\
\x3d\x84\xb6\xf9\xc5\x79\x0f\xbc\x27\xad\x5f\x04\x9c\x4e\xf1\x11\
\xe6\x4f\x94\x18\xc8\xce\xf9\x30\x1f\x0b\x1c\x62\xe5\x22\xc4\x5a\
\xcf\x9e\x3d\xb9\x1b\x37\x6e\x28\x7d\xfb\xcb\x2f\xbf\x70\x10\x17\
\xf3\xea\xb9\x30\xfe\x18\xd3\xae\x16\x2f\x6f\x76\x13\x57\x0f\x34\
\x28\x3e\x2a\xe2\x23\x3a\x3a\xda\x1a\xeb\x21\x0e\x30\x1e\xba\x72\
\xe5\x8a\xc2\x67\xbf\xfe\xfa\x2b\xdf\xa8\x51\xa3\xe2\x73\xc0\x7d\
\xf7\x04\xdb\x76\x1d\xf3\x21\xa5\xd8\x92\x22\x18\x23\x7b\xa7\x06\
\x32\xfd\x9b\x47\x73\x98\x07\x44\xac\xeb\x73\xc5\x36\xed\x8c\xf7\
\x80\xd7\x41\x7b\x08\x78\x69\x98\x92\xc2\xdf\x53\xa7\x0e\xf3\x72\
\xbd\x7a\x1c\xfa\x1f\x88\x93\x93\xf0\xb3\x5b\x68\xa8\x3e\x96\xc1\
\x7f\x0f\xb4\x83\x8d\x54\xa2\x7b\xd7\x68\xa0\xbb\xbb\xf8\x0c\xf8\
\xba\x9f\xe4\xe5\x89\xed\x52\x53\xb9\x04\xcd\xb3\xe3\x1c\x3c\xce\
\xf3\xe3\xb3\x9f\x3a\x75\x8a\xb3\xf8\x60\x4e\x71\x07\x8e\x4d\x10\
\x05\x5b\xd7\xae\x5d\x13\x30\xa7\xa2\xe7\x8e\x99\xdd\xc3\x59\xcc\
\x55\x3a\x6a\xb3\xef\x9e\xf0\xe2\xf2\x32\x12\x44\x4d\xec\x82\x71\
\xad\x15\x73\x18\x43\x6b\x7d\x45\xf0\x63\x65\xb0\x2d\x76\x63\x05\
\xb4\x37\x2b\x87\xd7\x2c\x82\xeb\xca\xea\xf3\xb5\x69\xd3\x86\xbd\
\x78\xf1\xa2\xd2\xb7\x10\x0f\xf1\xad\x5b\xb7\xa6\xb8\x08\xb8\xcb\
\x08\x31\x8c\x70\x78\xb6\x81\xf3\xf5\x24\x92\x9b\x9b\xbb\x80\x6b\
\x81\xb4\xcf\x89\xf3\x05\xc0\x67\xca\x73\x7e\xfe\xf9\xe7\x4a\x9d\
\x53\x31\xc6\x94\x38\x88\xe3\x36\x3a\xce\x7f\xe0\x73\xfe\x77\xb1\
\x17\x37\xa9\x53\x24\x9b\x96\x62\xc6\x45\x49\xe3\xce\x19\xbc\xe4\
\x00\xaf\x4c\xa9\x5b\x97\x79\x1f\xf8\x04\x7c\x15\xd3\xba\xb4\x34\
\xd6\xdb\x36\x1f\xb2\x5f\xc7\x21\xb8\x01\xcc\x72\x3d\x77\x68\x62\
\x26\x79\x74\xed\xda\x6c\xbc\xe6\x5e\xc0\xb6\x8a\x5f\x7c\xf1\x85\
\xe2\x83\xe0\xbc\x46\x87\x0e\x1d\x4a\xf5\x41\xf0\x7b\x58\x57\x74\
\xfc\xf8\x71\x6b\x3f\x82\x9d\x62\x70\xce\x57\xeb\x43\x62\x1e\xe9\
\x53\xf4\xdb\x1c\xf0\x2e\x72\xc0\xa1\x07\xfc\x58\x1c\x4b\x5a\x7f\
\x46\x53\x03\x69\xc3\x69\x75\xd3\x12\x85\xd3\x8f\xf8\xda\xe5\x0f\
\xc4\xc7\x86\x51\xc1\x85\x30\xa6\xad\xf8\x68\xd6\xac\x99\x08\x36\
\x4a\xb2\x3c\x9f\xdc\xbe\x7d\x7b\x59\x8b\x8f\x3e\xcd\xa2\x19\xb0\
\x71\xc2\xef\xcb\x0c\x42\x62\x28\x11\xdc\xdd\x3d\x05\xc0\x84\xb5\
\x56\x01\xf9\x6c\xca\x94\x29\x2c\xe6\xfe\xf0\x1c\x1f\x7f\xfc\x31\
\xae\x2d\xb3\xde\x2f\x72\x15\xfa\x4f\xd2\x66\x3a\xa7\xa3\xc5\xc6\
\xf9\x05\x3e\x5c\xc7\x06\xb1\x9c\x3d\x5c\xa8\x73\xd1\x68\x5b\xf0\
\xd9\x81\x2b\x95\x38\x09\x73\x7e\xea\x9c\x85\xfd\xf9\x46\x05\x27\
\x72\x1b\x18\xef\x3b\x72\x72\xd8\x43\xf5\xea\x09\xd9\xfe\xfe\xfa\
\x9c\x2a\xc6\x32\xdd\x34\xf8\x68\x44\xcc\xeb\xac\xac\x9f\x71\x23\
\x44\x7a\x22\x29\x89\xf9\xb4\xa0\xc0\x84\x38\x7b\x34\x33\x93\x4d\
\xa0\xfd\x7c\x19\xd7\xd4\x29\x81\x02\xc8\x8c\x19\x33\xd8\xd2\xea\
\x85\xf0\x79\xa6\x4f\x9f\xce\xa0\xcf\x82\xdf\xc3\x1a\xa0\x6e\xdd\
\xba\x51\x39\x4a\xb4\x17\x8f\x0f\x0c\xc3\x7e\x94\xb0\x2f\xed\xea\
\x76\x83\xbc\x6d\x5c\x30\x93\x60\xe9\x4f\xc4\x1d\xe6\xdf\xfe\xf3\
\x9f\xff\x58\xf3\x16\x38\x87\xac\xde\x0f\xb6\x49\x4e\x9d\x04\xf1\
\x9b\xc7\xbd\x39\xd3\x36\x3b\xe7\xdb\x66\x90\x70\x6e\x45\xb5\x2f\
\x96\x7a\x28\x2b\x3e\xc0\x77\x30\x01\x3e\xac\xed\x8d\xb6\xa1\x77\
\xd3\x68\x96\x59\xef\x2e\x72\x1b\x0c\x62\xab\x34\xc2\x7a\x78\x7a\
\x73\x70\x1f\x82\x16\x1f\x8b\x16\x2d\xb2\xda\x3b\xac\x63\x49\xd2\
\xb4\x1f\x5e\x6b\xc9\xe0\x50\x06\x9f\x45\x33\x8f\x6b\xbd\xa7\x2f\
\x1f\xf3\x66\xed\x61\x03\xef\x01\x31\x80\x73\xd1\xf3\xe6\xcd\x63\
\x31\x3e\xfa\xe4\x93\x4f\xf8\xf3\xe7\xcf\xb3\xc8\xe3\x1f\x7e\xf8\
\x21\xbb\x75\xeb\x56\x16\xfb\x03\x73\x41\xb5\x6b\xd7\x96\xec\xd5\
\x31\x20\x97\xd4\x03\x2e\x59\x9c\x95\x65\x1c\x5e\xab\x56\x91\x9e\
\x1b\x88\x79\x5e\x06\xf3\x60\x35\x41\xdf\xd0\xff\x1d\xf0\x21\x77\
\x84\x78\x6d\x1a\xf8\xa6\x0f\x24\x27\x5f\x1e\x9c\x9c\xfc\x6f\x92\
\xa6\xae\x02\x9f\xff\xfe\xfb\xef\xb7\xfa\x20\xcf\x3d\xf7\x1c\xab\
\xaf\x01\xd4\x73\x07\xe6\xdc\xe1\x39\xac\x7d\xb8\x6d\xdb\x36\x9b\
\x9a\x75\xac\xe1\x9a\xda\xc1\xb7\x70\xcb\x70\xc2\x2c\xee\x6d\x28\
\x5a\xd8\xc3\x60\x44\x5d\xdc\xcb\x50\xb8\xa2\x9f\xa1\x70\xcd\x20\
\x43\xd1\xba\xc1\x86\x1b\x3d\x1b\x45\x14\xaa\x73\xf9\xd8\x66\xb8\
\xe6\x42\xcd\x8b\x61\x9e\xed\xbe\xfb\xee\xa3\xf0\x5a\x3b\x35\x41\
\x9c\xdd\x25\xe0\xc6\x92\x7e\x3e\x45\x4f\xf4\xf5\x29\x7c\xa2\xaf\
\xef\x8d\xc7\x41\x17\x81\x2e\xec\xe3\x77\xbd\x55\xfd\x68\x56\x9b\
\x67\xc3\x58\xf4\xaf\xbf\xfe\x52\xeb\x50\xc4\xb6\x6d\xdb\x8a\xda\
\x1c\x48\xe3\xec\x38\x66\xd9\x40\xff\xeb\x8f\xf5\xf6\xb9\x9e\x16\
\x61\x60\x7c\x7c\xfd\x38\x6d\xfb\xe0\x67\xb7\x6c\xd9\x62\xc5\xc7\
\xfa\xf5\xeb\x59\x6d\x9e\x08\xb1\x3d\xba\x75\x0d\x66\xe7\x68\x37\
\x66\x61\x2f\xef\x6b\xf3\x7b\xfa\x5c\x59\xd6\xdf\xfb\xda\xa6\xe1\
\x9e\x97\x9e\x1e\xe2\x7f\xb9\x5d\x7e\x2c\xa7\xcf\xcd\xe0\x39\x91\
\xa7\x5f\x7c\xf1\x45\x06\xd7\x99\x98\x4a\x98\x77\x44\xde\x42\x5e\
\x3f\x7c\xf8\x30\x3b\x77\xee\x5c\x16\x73\xd2\x7a\x9c\xe0\xb8\x49\
\x4f\x4e\x96\xea\xc5\xc6\x16\x61\xfd\xa7\x0e\x03\xd7\x41\xfb\x11\
\xf3\xbb\x88\xec\xd6\x9e\x58\x14\x6d\x93\xe0\xe5\xed\x8d\x7c\x2d\
\x68\xef\x15\x7c\x10\x5e\xf5\x41\xf4\xeb\xa6\xec\x71\xc7\x83\x0f\
\x3e\xc8\x60\xdf\xa9\xf1\x05\xb4\xb9\xde\x26\xe1\x5a\x3c\x8c\xb1\
\x30\xef\x53\x42\x5d\xa5\x41\xc4\x35\x37\xda\x73\xe3\x7c\x1a\xc6\
\x41\x78\x6e\xac\x45\xc1\x58\x46\xeb\xd3\x60\x7d\xa3\xc1\xcd\x83\
\xc1\xef\x82\x0a\x96\x9f\xa0\x60\x7b\x0d\xee\x7c\x54\x14\xed\x5b\
\xc2\xd8\x63\xc1\xb7\x54\xb0\x0c\x38\x61\x5b\xb4\x68\x41\xf1\x1c\
\xf8\xa2\x2c\x71\xf3\x00\x5e\x36\xcf\x87\xe2\x1a\xc2\x24\x3a\xcf\
\x2c\xbd\xf1\xc6\x1b\xd6\x5a\x16\x9c\x57\xd0\xe2\x15\x73\x8e\x7e\
\x7e\x7e\x96\x67\x55\xef\x05\xef\xcb\x8d\x0d\x0d\x8b\x28\x4a\xd4\
\xd4\xb1\x60\x9b\xa2\x2f\x85\xdc\xab\xc6\xef\x5a\x28\x20\x1f\xc3\
\xbd\x8a\x30\x3e\x38\xc0\x84\xcd\xbc\x05\x62\x05\x73\xc2\x0f\x3c\
\xf0\x00\x83\x7d\x64\x33\x37\x0d\xf7\x8d\x79\x72\x3b\xf5\xc1\xb8\
\xd7\x9d\xde\xf6\xd8\x55\xac\xdb\x8b\x89\x89\xe1\xb4\xf7\x8c\x79\
\x24\xf4\xbb\x2c\x3e\x9c\x80\x73\xf6\x8e\xe6\x62\x70\x1d\xaf\x9a\
\x33\xc1\x5b\x5e\xb9\x72\xa5\x7e\x9d\x26\xd6\x94\x72\x58\x93\x5a\
\xfa\xbd\xb8\xf3\x5a\x5f\x10\xdb\xfd\xde\x7b\xef\xb5\x62\x0f\xdb\
\x0a\x62\x07\x5e\xd7\x9f\x9c\xbd\xfa\x68\xcb\xb3\xd9\xf8\x96\x7d\
\xfa\xf4\x11\xd4\xf8\x1b\xe7\x7c\xf1\xfe\xb5\x6b\x06\x23\x23\x95\
\xf7\x72\x58\x73\xeb\x35\x6b\xd6\x64\xb4\xcf\x82\xbc\x7e\xf4\xe8\
\x51\xce\xc2\x67\x32\xdc\x1f\x55\xaf\x8b\xb5\x69\x58\x23\xab\xbf\
\x17\x7f\x7f\x7f\x2a\x5f\x6d\xb9\x9e\x82\x2f\xf5\x7e\xd4\x36\xfc\
\xe1\x87\x1f\xb8\xcd\x9b\x37\x63\xbd\x13\x0b\xcf\x2b\xb4\x6a\xd5\
\x8a\xc3\x31\x87\x63\x05\xb9\xfd\x95\x57\x5e\x61\x31\x6e\x52\xb1\
\x82\xf1\x3a\xc4\x8a\x0c\xce\x21\xd8\xd6\x2f\x28\xf5\xde\xfa\x1a\
\x22\x7c\xdf\xd7\xfb\xce\xe0\x03\xbf\x17\x16\x12\xc6\x26\x27\x51\
\xb8\xb6\xd6\x8a\x22\x86\xc7\x8f\x1f\x6f\x37\x0f\x82\xbc\x8a\x35\
\x3a\xea\x3c\xcb\xf7\xdf\x7f\x6f\x33\xef\x95\x98\x90\x20\xf9\xfb\
\xf8\x1a\x75\xdc\x61\xf7\x5e\x3c\x0c\x6e\x36\xbe\x20\xb4\x9f\xb5\
\xce\xe3\x8f\x3f\xfe\xa0\xce\xaf\xf4\x67\x78\x04\x6b\xe1\x49\x1b\
\x3e\xf2\x74\x73\xe7\xb4\xe7\xc3\x67\x18\x3b\x76\xac\xd5\x4f\xd2\
\xc7\x1e\x78\xbe\xf0\xd0\x50\xf5\x5e\xd5\xdc\x18\xa7\xcd\x7d\x60\
\xbd\x03\x8c\x59\xc5\x3f\x83\x18\x46\xc0\x5a\x14\x6d\xdb\xc4\x01\
\x9f\xb9\x13\x83\x75\x5d\x3b\xf2\xb4\x9b\xc1\x20\x44\x69\x78\x51\
\xe5\x32\xcc\x2b\xab\xb1\x36\x0a\xd6\x4d\x80\xbd\x62\x30\x1f\xa8\
\xad\xb7\x52\x55\x33\x8f\x2e\x63\x9d\xc4\xe2\xc5\x8b\x29\xde\xc1\
\x79\x47\xcc\x81\xeb\x31\x82\x35\xbb\x9a\xb5\xf6\xa8\x27\x89\x79\
\x6f\xa8\x93\x36\xfd\x60\x00\xce\xac\x13\x64\x8c\x68\x13\x51\x18\
\xd9\x3e\xb2\xa8\x56\xe7\x5a\x5c\x7c\x9b\x78\x63\x52\xb2\xc6\xc7\
\x82\x7b\xc0\xda\x30\xd5\x47\xc7\x9a\x1e\xfd\x5c\x0c\xde\x03\x3c\
\x07\x8f\xf3\xb5\x2a\xd7\x21\x56\xa8\x7b\x43\xfe\x6c\xd3\x84\x8b\
\x19\xdf\xe7\x72\xd4\xf8\x3e\xff\x46\x4d\xea\x77\x29\x72\x42\x9f\
\xcb\x21\x43\x3b\x17\x86\x0c\xeb\x52\x18\x3a\xb2\x5b\x61\xe8\x98\
\x1e\x85\x61\xe3\x7b\x17\x85\xdf\xd3\xdf\x18\x39\xa4\xcb\xb5\xc4\
\xd4\x14\x6d\xce\x5f\x86\xf6\x32\xaa\xf8\xf8\xfa\xeb\xaf\x79\x6a\
\x1e\x07\xe7\x06\x5b\x34\x28\x8c\x9a\x36\xf8\xef\xe8\x39\x23\xff\
\x8e\x9e\x37\xf6\x62\xf4\xc3\xe3\x2e\xc5\xce\x1b\xfb\x6f\xdc\x8c\
\x61\xd7\x63\x3b\xb5\xb8\x9e\xa8\xf3\xad\x80\x8b\xad\x78\x43\x1b\
\xae\x8d\x3d\x94\xe7\x6a\x9a\x5f\x14\xdd\xa7\xdd\xf5\xa8\xde\x6d\
\xff\x0d\x8c\x8f\xba\x8a\x6b\x39\xb4\xcf\x8c\xf8\x04\x1b\xaa\xe6\
\xc6\x44\xf0\x1b\x8a\xc7\x03\xce\x19\xe7\x64\x70\xe1\xa3\xba\xdf\
\x08\x9b\xd4\xb7\x30\x6a\xfa\x90\x2b\xf1\x73\x46\x5d\x8a\x69\xdd\
\xe8\x5a\xa2\x26\xe6\xb2\xc4\xd9\x3c\xf0\x97\xb5\x56\x01\x7d\x8a\
\xa9\x53\xa7\x2a\xb6\xcc\x99\x9c\xb5\x3a\x37\x8d\x7e\x0b\xd6\x0a\
\xab\xcf\xf4\xed\xb7\xdf\x72\x7a\x8e\x45\x8d\x88\x88\x50\xed\x0c\
\xfa\x15\x0f\x5a\xe2\x17\xdc\x2f\xf3\xaa\x9e\x2f\x12\x47\x27\x1a\
\x0b\x76\x14\x48\x05\xdb\x40\xb7\x17\xc8\xb9\xcb\x72\xb9\x94\x2c\
\xe8\x17\x8d\x1f\xd7\xa5\x4b\x17\x5e\xad\x27\xc6\x9c\x97\x4d\x3b\
\xc2\xbd\x69\xd7\x77\x63\x4c\x8c\x73\xb7\x94\x9f\x52\x3b\x4d\xca\
\xfe\x60\x03\x5b\x60\x3a\x2f\xe7\x9b\xce\xc9\x05\xa6\x73\x52\xbe\
\xe9\xbc\x94\x2f\xe3\x4f\xad\x9e\x97\x0a\x4c\x9f\xc9\x39\x47\x9f\
\xe1\x92\xd2\xd3\x34\x31\xb1\x12\x4b\x59\xc7\xc7\x89\x13\x27\x18\
\xe4\x77\xeb\xf9\x13\x12\xe5\xcc\x6d\x8f\x32\xf0\x5d\xf8\xfe\x05\
\xd0\x4f\x35\x0a\xe7\xfb\x78\x2b\x9b\x94\x96\x4a\xd5\xb9\xac\x5a\
\xb5\xca\x8a\x37\x7d\x7e\x1d\xfa\x57\xce\x7a\xfe\x89\xa2\x7c\xf9\
\xac\x90\xcf\x9d\x62\x93\xc6\xf5\xbd\x14\x1b\x15\x4d\xe1\x03\xf3\
\x43\x98\xdb\xc1\xef\xc3\xd8\xc5\x79\x42\x6b\x6e\x2c\x29\x3e\xc1\
\x94\x36\xb0\x2b\x93\xc7\x9e\xe0\xe1\x99\x64\xbc\xa7\x7c\xf1\x8c\
\x50\x7b\xfc\x00\x36\x29\xbe\xb8\xbf\xd0\xae\xe0\x7e\x09\xea\x7d\
\x60\x6e\x18\xeb\xf5\x9c\xcd\x45\xea\xb8\x01\xe3\x03\x11\xd7\xb6\
\xa9\xe7\x3b\x76\xec\x18\x9b\x97\x97\x47\xf5\x05\xae\x27\x00\x1b\
\x87\x76\xef\x14\x68\x9c\x05\x1f\xb8\x37\xc4\x5a\x3d\x87\x44\x76\
\x8c\x64\x01\x1b\x72\xfe\x96\x7c\x93\xa2\x1b\xf3\xa5\xf4\xb6\xe9\
\x5c\x52\x02\xed\x83\xe0\x7a\x29\xbc\x1e\xda\x3a\x9c\x2f\xb5\xe6\
\x2c\x2d\x71\xc0\x2f\xbf\xfc\xc2\xab\xf6\x0f\xed\x22\x65\x83\xb0\
\xad\x06\x77\xe3\xf2\x0a\x8f\x8a\xd0\x56\x26\xc0\x41\x29\xfa\xa9\
\x29\xfb\xed\x35\xc0\x63\xc9\xd6\xfe\xc7\xba\xc7\x7d\xfb\xf6\x19\
\x55\x7c\xbc\xf9\xe6\x9b\x1c\x35\x8f\x9a\x9a\x22\x67\xef\xdb\xc4\
\xe3\x77\xed\x9e\x6f\xdf\x26\x06\x3e\x43\xe1\x0d\x6d\xb7\x7a\xbe\
\x35\x6b\xd6\x50\xb1\x07\x60\x49\x02\x4c\x71\x96\xf3\x49\xa9\x53\
\x86\x5e\x49\x88\xa1\xfd\x17\xac\xe5\x56\xe7\x80\x61\x4c\xf0\xd0\
\x4e\xc5\x35\x06\x71\xf1\xa6\xf4\xf1\xfd\x79\xc0\x84\x64\x7e\xe6\
\x0b\xa6\xdc\xdf\xde\xe7\x53\x9a\x14\x08\x49\x09\xc5\x6d\x87\x75\
\x4b\xea\x3a\x20\xec\x53\x18\x03\xca\x5a\x0f\x3b\x35\x2c\x12\xfa\
\x4f\xc8\x61\xb8\x2e\x03\x7d\x1b\x47\x5c\x82\x78\x80\x78\x98\x9a\
\xc3\x4c\xb2\x13\x43\x82\xbf\x7a\x0f\xf8\x6c\x44\x23\xf8\xee\x62\
\x2a\x7f\xea\x1b\xeb\xcb\x67\x2f\xcd\xe6\x00\x1b\x22\xa8\x50\xb0\
\xb5\x40\xc8\x1c\x99\x69\x4c\x4a\xa4\xf3\x20\x10\x6f\x29\xd7\xc3\
\x9c\xe8\xd0\xa1\x43\x35\x73\x50\x89\xd4\x3c\x17\xd6\x13\x62\x5e\
\x4d\xfb\x7c\xc9\xd0\xd6\xd9\x6f\xae\xc2\xb1\x6d\x02\xfe\x50\x34\
\xdf\xc2\x23\x56\xde\x90\xcf\x89\x30\x56\xc5\x7c\xe9\x2c\x62\x48\
\xcc\xdc\xba\x80\x4d\xd2\x8c\x21\xdc\x03\xeb\xe4\xc9\x93\x56\x0e\
\x86\xb8\xd9\x48\x8d\x31\xec\xcf\x03\x9b\xa1\x3f\xcf\x0b\x38\x4e\
\xcd\x7a\x5a\xc8\x17\x40\x81\x03\x32\xd6\x3e\xc8\x68\xcf\x87\xf9\
\xa6\x23\x47\x8e\x58\xdb\x10\x6b\x52\xac\xbe\x25\xda\xc2\xec\x0c\
\xb1\xfe\x85\x97\x19\xe5\x9e\xc4\x33\x7c\xea\xb4\x61\x17\x13\x63\
\xe3\xa8\xdc\x07\xe6\x1f\x4c\x96\xd8\x1f\xce\xc5\xc0\x39\x8b\xfb\
\x0c\xf0\x51\x67\xf6\x68\x26\x8f\x3f\x25\xe4\x32\xc7\xa5\x3c\xf1\
\xb4\x98\xb5\xe7\x29\x26\x49\x93\x27\xd4\xaf\x27\xc1\x58\x1b\xf3\
\x19\x7a\x7b\x80\x31\x03\x8c\x77\xc6\xb2\x3e\x51\x04\xc5\xbe\x65\
\x2c\xe3\xc3\x86\x67\xd4\xb9\x03\x35\x17\x80\x3f\x91\xeb\xec\xd8\
\xaa\x87\x92\x6c\xf7\x5a\x9f\x49\xf9\x85\x06\x22\xfb\xc5\xf9\x71\
\x21\x05\x21\x85\x11\x4d\x22\x2e\x47\x36\x8a\xbc\x1a\x93\x13\x73\
\x4d\x7b\x5d\x6c\x8b\x59\xb3\x66\xa9\x3e\x88\xbc\x7c\xf9\x72\xc5\
\x07\xc1\xeb\xb5\x6f\xdf\x9e\xc3\x1a\x33\xbc\x0f\xac\x1b\xbf\xe7\
\x9e\x7b\x6c\xfc\xd7\x98\xe4\x44\x26\x6a\x4c\xaf\x1b\xd1\xd3\x87\
\x1a\xa3\xa7\x0c\x62\xa2\xef\x1b\xc8\xd4\x9a\xd8\xcf\x08\x3e\x07\
\x1f\x32\xbc\x2b\x0f\x3e\x08\x1b\x32\xb8\x23\x53\x73\x40\x7b\x63\
\xcd\x7e\x6d\x8b\x82\xfb\xb6\x29\x8c\x6e\x92\x7b\x3d\xc9\x5a\xc3\
\x67\x9e\x27\x85\xd8\x48\xb5\x2f\x32\xe6\xa5\xa8\x58\x01\x38\x33\
\xbc\x65\xc1\xe5\xb0\x7e\xed\x2e\x86\xf5\x69\x0b\xda\xe6\x62\x58\
\x6f\x8b\xf6\x6a\x73\x31\x2e\x2f\xbb\x50\x7b\x3e\xcc\xd3\xa0\x7d\
\xc6\x93\x61\x9d\xfb\xc8\x91\x23\xa9\x58\x19\x7d\x9f\xe8\x6e\x2d\
\x2f\xd7\xea\xdf\xe1\x5a\x78\xdf\x76\xff\x86\xd4\x49\xbe\x8a\xfe\
\xb5\xb6\x0f\x96\x2c\x59\x62\xed\xdb\x3d\x7b\xf6\xe8\xed\x93\xa9\
\x56\x83\x9c\x1b\x41\x5d\x9a\x1a\x03\x5b\xe7\x73\x41\x1d\x1b\x17\
\xc5\x36\xac\x57\xa4\xbd\x07\xcc\x85\x6a\x6b\xd9\x80\xcf\x18\x7d\
\x6d\x09\x62\xc3\xd3\xd3\xd3\x26\xfe\x84\x63\x62\x60\x60\x20\x8b\
\xeb\x4f\x71\x7d\xa2\x9e\x4f\x70\xdc\x62\xdc\xa3\xde\x9f\x7e\x1d\
\x89\x45\xdf\x85\xcf\xe9\xeb\x96\x23\x2c\x76\xc7\x61\x1c\xe3\xe5\
\xe9\xc5\xe9\xf3\x20\xc8\x83\x76\x7c\x10\x75\x0d\xad\x49\x3d\xae\
\x9f\xa3\x41\x1e\xf3\xf6\xf2\x52\x6b\xb0\x9c\x59\x3b\x6a\x8e\xa3\
\x42\x43\xa9\x58\xa1\x41\x83\x06\x68\xc3\x94\xb6\xc4\x18\x17\xeb\
\xe3\xb5\xf8\x40\xee\x75\x23\x06\x9b\x58\xd2\xa2\x62\x44\x78\xb8\
\xb5\x6e\x43\x9f\x1b\xc3\x58\x19\x9f\x4f\x3b\xbe\xe0\x7c\x82\xbb\
\x92\xab\x30\xdf\x67\x60\x40\x00\xd5\xff\xc8\x5d\xf0\xec\x54\xae\
\x5f\xe7\xb7\x4b\x7e\xbe\xbe\xda\x7e\x95\x6a\x45\x44\xb2\x49\x9a\
\x7b\x40\xbf\x54\x1d\xe3\x18\x47\x4d\x9c\x38\x91\x1a\x5b\x68\x53\
\x30\x16\x2e\xa9\xaf\xd4\x73\x03\x56\x18\x6d\xcc\x6c\xe9\x33\xcc\
\x95\xa8\xf3\x8f\xbc\x25\x16\xd2\xe2\xe3\x57\xd0\x0c\x3d\x81\x80\
\x8c\x20\x84\x38\x6a\x4b\x25\x0f\x82\xb9\x04\xcd\x7d\x2a\x3e\x88\
\x65\x1d\x81\x52\x93\x8a\x31\x15\x5e\x5f\xb5\x9d\x18\xb7\xe3\x1e\
\x33\xfa\x3d\x21\x30\x67\x50\x0a\x16\xec\x3e\x6f\x64\x64\x24\xd5\
\x9f\xcd\x9b\x37\x97\xfe\xfe\xfb\x6f\x51\xbd\x16\xae\xcd\xd2\x5e\
\x0b\xe7\x55\xe1\xbe\xed\xe6\x3e\xd0\x57\x07\x9b\xcd\x6b\x30\x6b\
\x82\xef\xab\xb5\xd4\xea\xbc\x2b\xe5\xc3\x61\x6e\x0c\xb9\x5c\x3d\
\x87\x3e\xf7\x81\xb9\xb1\x77\xde\x79\xc7\x9a\x1b\xd3\xe6\xfa\x2d\
\x6d\x26\xfa\xf8\xf8\x30\x9a\x36\xc5\xb5\xa6\xd4\x3d\x0c\x1f\x3e\
\xdc\x5a\xc3\xf6\xe7\x9f\x7f\x52\x35\x6c\x96\x7b\x70\x2a\x57\x64\
\x79\x46\x51\x1b\x5f\xa9\x36\x54\x9d\x43\x47\xbf\xd0\x0e\xb7\xe3\
\xe7\x47\xd8\xc1\x47\x10\xe8\xbe\x92\xfa\x27\xa4\x46\x0d\x63\x92\
\x6e\x2e\xe6\x85\x17\x5e\x60\x2c\xe3\x57\x06\x1f\xd4\xf8\xfc\xf3\
\xcf\x5b\xb9\xe3\xad\xb7\xde\x62\xf4\x35\x66\xb1\x31\x31\x82\x3b\
\xae\xbd\xd7\xf0\x02\x51\xf3\x00\xee\xee\x9c\x87\xa7\x27\xef\xe9\
\xe5\x65\xf4\xf2\xf6\x2e\xf2\xf2\xf1\x51\xd4\x1b\xd4\xc7\xcf\xaf\
\x30\x46\x93\xcb\xc2\x7e\xc3\x9a\xf4\xf7\xdf\x7f\x9f\xc1\x76\x84\
\x38\x9a\xd5\xfa\xc8\x4a\xee\x23\x22\x02\x73\x15\x8c\x05\xf7\xaa\
\x62\xdb\x0a\x6e\x06\x03\xa3\xcf\xb5\x4d\x98\x30\x81\x51\x6b\x3f\
\xb0\x8e\x0c\x6b\x9b\xb5\xf8\x40\xfe\xc0\xb1\x0b\x3c\x8e\xeb\xfd\
\x45\x5c\x07\xae\xad\x1b\x43\x7f\x08\x6b\xfb\xd5\xf6\xc0\xfc\x85\
\x2e\x37\x26\x79\x6a\xea\x2e\xa0\x1d\xa8\x1a\x3d\x8b\xcd\x66\x54\
\xff\x05\xc7\x9e\xf6\x1e\x2c\x7b\x7a\xd9\x8c\x2d\x37\x7c\x1e\x68\
\x3f\x03\xf4\x91\xc1\xfc\xd3\xaa\x41\xfe\xfe\x45\x49\x9a\x7c\x24\
\x62\x01\x7d\x01\xd5\xc6\x6c\xd9\xb2\xc5\x5e\x5c\xb4\xd6\x0e\x3e\
\x50\xb0\x0e\xd1\xa8\xe3\x0d\xc1\xb7\x6d\xdb\xab\x3e\xf7\xdd\x77\
\x25\xb4\x4f\x9f\x2b\x49\x1a\x5b\x88\xcf\x33\x73\xe6\x4c\x6b\x1e\
\x04\xb9\x1e\xd7\xa6\x59\xf8\x59\xe8\xdb\xb7\xaf\xcd\x1a\xda\xd6\
\x23\x46\x14\xf5\x5d\xb6\xcc\xd8\x7f\xc5\x0a\x61\xd0\x9a\x35\xf2\
\x90\xf5\xeb\xc5\x61\x9b\x36\x71\xa3\x77\xee\x2c\x9a\xbc\x77\xef\
\xd5\xa9\x6f\xbd\x75\x63\xc6\x7b\xef\x5d\x9d\xf5\xe1\x87\x57\x66\
\xef\xdb\x77\xe5\xfe\x03\x07\xae\x3e\x70\xe8\xd0\xb5\xfb\x5e\x7d\
\xf5\x6a\x46\x6e\x2e\xaf\xf7\xe1\x31\x9e\xc5\x5a\x7a\xcc\xf9\x83\
\x8f\x4f\xd5\x0b\x36\xe8\xd4\xc9\x38\x70\xf9\xf2\xcb\xc3\xd7\xaf\
\xbf\x32\x72\xf3\xe6\x6b\xa0\xd7\x47\x6e\xda\x74\x0d\xff\xdd\x63\
\xee\xdc\x7f\x53\xeb\xd4\xa1\xfa\x66\xde\xbc\x79\xd6\xdc\xc7\x87\
\x1f\x7e\xc8\x69\xe7\x97\xb5\xfc\x8e\xf6\x11\xe3\x05\x6d\xdf\xaa\
\x73\x85\xdf\x7d\xf7\x9d\xea\xb3\x8b\x38\xcf\x6f\x7d\x7e\xf4\x2d\
\x20\xce\xec\xb7\x64\x89\x30\x78\xcd\x1a\x71\xd0\xea\xd5\x7c\xf7\
\x87\x1f\xbe\x91\xa6\xbb\x87\x47\x1e\x79\x44\x52\xc7\xd7\x81\x03\
\x07\xa8\x35\xea\x88\x0f\x3d\xf7\xba\xd5\xa8\xc1\xf9\x4d\x9e\x7c\
\xcd\xe7\xc9\x27\xaf\x79\xaf\x5b\x77\xc3\x7b\xe3\xc6\x22\x45\xd7\
\xaf\xbf\xee\xbd\x72\xe5\xd5\xa0\x39\x73\xae\x27\xe0\x3e\x2a\x6a\
\x8d\x13\x5c\x03\xf3\x99\xea\x38\x00\x2e\xe1\xf4\xb9\x09\xd0\x83\
\x0e\xf0\x81\xf3\x76\x6f\x52\x1c\x05\x18\xf4\x58\xb9\xf2\xba\x01\
\x30\xed\xf5\xd3\x4f\x5c\x1c\xf4\x45\x92\x5a\x0b\xa5\xf3\x41\xb4\
\x82\xf9\x55\x9c\x6f\xb4\xb6\x1f\x7c\xb6\x51\x97\x2e\xdc\x8a\xdf\
\x7f\xe7\xb7\xc1\xdf\xb7\x62\xbc\xa1\xd3\xad\x0e\x14\xff\xb6\xe4\
\xbf\xff\xe5\x33\xf2\xf2\xec\xce\xf3\xa8\xf9\x43\xea\x18\xf4\xcb\
\x48\x88\x4f\xb7\x43\x7f\xeb\xcf\x07\xc7\x4c\x8f\x7d\xfe\x39\x5b\
\x3b\x3b\x5b\x50\xdb\x0d\xfd\x84\xd5\xab\x57\x17\xa9\xf8\x00\x1e\
\xb4\xd9\x7b\xa4\x24\xb5\xd8\x3b\x01\xb8\x4c\x69\x8b\xcb\x97\x2f\
\x53\xb9\xfe\x44\xb8\x9f\x66\xbd\x7b\xb3\xeb\x8b\x8a\x84\x6d\x96\
\x7b\x58\x06\xed\x99\x99\x9f\x6f\x7d\x26\xec\xbb\xf9\xf3\xe7\x5b\
\xf1\x01\xf1\xba\xa8\xf5\x4d\x2d\xf8\xd0\xd6\xce\x9b\x48\xfd\xfa\
\x8c\xe1\xca\x15\x1e\xfa\xc7\x64\x4f\x3d\x2e\x5d\x12\x63\xdb\xb5\
\x13\xd4\x3e\xd3\xd8\x51\xe5\x3a\x5f\x7e\xf9\x25\x03\x7e\x82\x7e\
\x5d\xc9\x77\x0e\xf0\x81\x82\xef\x76\xbf\x4e\xd9\x96\x06\x0d\x38\
\x03\xf8\x4c\x06\xe0\xcc\xf0\x39\x73\xd8\xe4\xe2\x38\x96\xca\x83\
\xa8\x82\x73\x8c\x5d\x00\x0b\xda\x3e\x4b\x01\x8c\x4e\xd9\xb3\x87\
\xc1\xfe\xd9\x2c\x8a\x65\x52\xfc\xce\x82\x73\xe7\x98\xf4\xcc\x4c\
\x3e\x01\xeb\x1b\x9c\xdb\x23\x40\x9e\x0c\xbe\xbf\xbd\xeb\xe1\xb1\
\xfb\x3f\xfa\x88\x4d\xd1\x8c\x4d\xbc\x57\xf0\xe7\xad\xf3\x44\x10\
\x63\xda\x70\x5f\x49\x8a\x9f\xc5\x3d\x07\xd4\x7c\xf8\xff\xfe\xf7\
\x3f\x0e\xf3\xc7\xd6\xba\x42\xb8\xef\x8e\x13\x26\xf0\x70\x7d\x69\
\x8b\x24\x99\xb6\xc8\xb2\x69\xe9\x8f\x3f\x4a\xd9\x0d\x1b\xca\x5a\
\x7c\x58\xf2\xb7\x4a\xdf\x81\x2f\x23\xe8\xf1\x11\x6a\xce\xef\x17\
\xe3\x03\xfc\x3d\x03\xc3\x48\x06\x78\x2e\x1b\x85\xeb\xb8\xc3\xd8\
\x8d\xe9\xd6\x8d\xd5\x8e\x69\xc0\xad\x0c\x63\x5a\x19\x07\x3f\xfc\
\xf0\x03\x9f\x97\x97\xa7\xcf\xad\xfc\x55\x02\x3e\xbc\x40\x5f\xa2\
\xf0\xe1\xee\x2e\x19\x20\x26\x21\x70\xbe\xc0\x97\x5f\xa6\x7c\x76\
\x3c\x2f\xe6\x7d\x71\x3d\x80\x85\xb3\x24\x8c\xa1\xb4\x9f\xc1\xfe\
\x6c\x35\x68\x10\xb7\xf6\xea\x55\x71\x33\xdc\x73\x59\xf1\x81\xed\
\xb9\x0a\xc6\xc1\xb4\xbd\x7b\x99\x81\x8b\x16\x31\xad\x80\xb7\xa1\
\x5d\x85\x64\xe0\x7f\x47\x58\x41\x3c\x3e\x00\xdc\xe9\x08\x1f\x13\
\x77\xee\xa4\xea\x12\x2c\xb9\x58\xeb\x5a\x3e\xb0\x35\x46\x27\xf7\
\xc1\xb1\xe2\x03\xe3\x61\xcb\xda\x75\x5c\xef\xc5\x6b\x73\x3e\xc8\
\x1f\x2d\xfa\xf7\xe7\xe7\x9f\x3d\xcb\xae\x84\xb1\x86\x38\x79\x0a\
\x7c\xfa\xfa\xcd\x9b\xf3\x89\x9a\xb1\x8d\x7b\x00\xaa\xf3\x3f\x47\
\x8f\x1e\xa5\xf2\x27\x96\xf9\x41\xf4\xdd\x8a\x7d\x6e\xf0\x57\x0c\
\x60\xe0\x1d\xe2\x03\xf9\xa3\x63\x47\x5e\xcb\x1f\x60\x8b\x71\x8d\
\xba\x8a\x0f\x21\x3f\x3f\x5f\x8f\x8f\x8b\x25\xe0\x03\xa5\x29\xe8\
\x45\x0a\x23\x8d\x1b\x73\x86\xcb\x97\x05\x1f\xe0\x8a\x04\xe0\x8c\
\x24\xfa\x7c\x32\xfa\x00\x68\xd7\xe6\xcc\x99\x53\xa4\xf5\x13\x95\
\xe7\x82\x7e\x9c\xf2\xda\x6b\x6c\x79\xb8\xc3\xaa\xf0\xac\xf8\x7d\
\x18\x77\xf2\x7a\x88\x31\x96\x02\xee\xa7\xbf\xf5\x16\xdb\xeb\x81\
\x07\xd8\xcc\x82\x02\xde\x1a\xc7\xa1\xbf\x08\xd7\xae\x9d\x95\x25\
\xa2\x0d\xd9\x62\xe7\x9a\x78\x8e\xc1\x4b\x96\x30\x09\x74\xdc\x88\
\xfe\x29\x87\xbe\x3d\xe6\xc5\x21\xae\xd4\xef\xc5\x67\xd7\xa6\xa8\
\x73\x64\xe0\xbb\x2a\x73\x52\xea\xd8\xd7\xf7\xad\xe5\xde\x64\xbc\
\xaf\x82\x0e\x1d\xf8\xae\x53\xa6\xb0\x43\x9f\x7c\xb2\xc8\x72\xef\
\xda\xb1\xcd\x5b\xd6\x05\x9b\x70\x6d\x2a\xf8\x34\x94\x4d\xc5\xdc\
\x87\x35\x7e\xf1\xf0\x90\x0c\x7b\xf6\xb0\x8a\x2d\xb1\x87\x0f\xe0\
\x28\x4f\x88\xc3\xe2\x21\x86\xd5\xd8\x51\xd3\x90\x21\x43\x58\x75\
\xbf\x8e\x6f\xbe\xf9\x86\xc1\x39\x45\x1d\x3e\xfe\x28\x05\x1f\xb8\
\xbf\xcc\x7a\x3d\x87\x90\xe7\x9e\x63\x91\xaf\xb4\x78\xd4\xb7\x95\
\x7e\x2d\x23\x8e\x8d\x82\x76\xed\xf8\xa7\x21\xc6\xd8\x52\x0e\xee\
\x70\xc8\x29\xf0\xec\x16\x7f\x42\x1a\xf4\xf4\xd3\x85\x58\x53\x81\
\xf9\x43\x8c\xe7\x12\x12\x13\x79\xe8\x03\x6e\xf9\xaf\xbf\x0a\xf8\
\x39\x3b\xdf\x97\xba\x4f\x9f\xce\x25\xe8\xf8\x01\x9f\x01\x7d\x35\
\x8c\xd3\x61\xec\x97\xb8\xf6\x0e\xff\x86\x7b\xd4\x63\x7e\x02\xf3\
\x9b\x59\x59\x59\xc2\x53\x4f\x3d\x65\x9d\xbb\xd9\xbb\x77\x2f\xb5\
\xbe\xc6\xaa\xb8\xae\x0e\xfd\x25\xe4\x3d\x88\x1b\x74\x73\x20\x94\
\xbd\xc6\x79\x1c\xfd\x3e\x39\x96\x18\xd9\x9c\xff\x48\x4f\xe7\x0d\
\xbf\xff\x2e\x20\x0e\xec\xe2\x03\xce\xe1\x77\xf8\x30\x9b\xa8\x99\
\x93\xd2\xd4\x98\xcb\x16\x1c\x73\xd4\x9c\x95\x59\xbf\x2c\x05\x1f\
\x28\x59\x44\xf7\xde\x30\xd2\xbc\x39\x67\xb8\x74\x89\x8f\x80\xb8\
\x2d\x39\x3a\xda\xa4\xc7\x88\xdd\x31\x06\x7e\x5f\x7e\x97\x2e\x85\
\xab\x61\x4c\x54\x26\x3e\xb4\xb6\x62\x32\xf0\x88\x9b\x87\x87\x5a\
\x1f\x20\x45\xa5\xa7\x1b\xe7\x9f\x3b\x57\xb4\x89\xe3\x24\x7b\xdf\
\xd9\x08\x63\xa7\xdd\xe8\xd1\xc6\x04\x07\xfc\x80\x38\x29\xcd\xbf\
\xc1\x76\x5e\xba\x74\x29\x8e\x73\xac\xd1\xc1\xf5\x2e\x1c\xd8\x58\
\x6d\xae\xbf\x08\x3e\x63\xdd\x7f\xc6\xde\xf9\x52\xa1\x5f\x1a\x77\
\xeb\x56\x94\xac\xf1\xe3\x31\xd6\xc4\xbc\x9a\xa5\xff\x30\x27\x6c\
\xc3\x63\x96\x18\x57\x24\x33\x67\x32\xe8\x13\xda\xc5\x86\x59\xe5\
\xd0\x05\x0b\x98\x24\x1a\x5f\xd6\x9c\x04\x0a\xd6\xa4\xd9\xf1\xc3\
\xdf\x72\x02\x1f\x28\x8f\x53\xf8\xc0\x3e\x80\xb8\xc4\xef\x93\x4f\
\x8c\xb5\x46\x8f\x66\x31\x96\x51\xb0\x89\xf1\x33\xde\x83\x1d\xbc\
\x44\x47\x45\x71\x5e\xbe\xbe\xdc\xf8\x5d\xbb\x2a\x66\x5f\x4a\xc0\
\xc7\xfc\x0b\x17\x38\xbf\x9a\x35\x8b\xf7\xf4\x89\x8a\x12\x9e\xf8\
\xfe\x7b\xde\x01\x77\x98\x20\x86\x90\xda\x8e\x1c\xc9\x02\x7f\xc8\
\xc8\x21\x8a\xfd\x2f\xe3\x9e\x58\xd8\xe7\x63\xc6\x8c\xe1\xb0\xa6\
\xc2\xde\xfe\x27\xe8\xf7\xa1\x1f\x86\xf9\x27\xcb\x9e\x27\xf4\x18\
\x85\xeb\x41\xbc\x2e\x4e\x7b\xe3\x8d\xc2\x1c\xe0\xff\x44\x0d\xff\
\xe3\xfa\x64\x75\x0e\xf8\xdc\xb9\x73\x36\x73\x57\x98\xd3\x0f\x8e\
\x8f\x2f\x74\x3b\x75\x8a\x71\x64\x5b\xd0\x57\xf4\x39\x73\x86\x8d\
\x2f\x28\xb0\xda\x16\x75\x9d\xbd\xa6\x5e\x57\x59\x23\x68\xc7\xcf\
\x5a\xe8\x24\x3e\x70\xed\xc3\xf7\x14\x46\x5a\xb5\xe2\x0c\x57\xaf\
\x0a\x6e\x2c\x2b\x79\x82\x4f\xea\x77\xe4\x08\x1b\xbc\x6e\x1d\x13\
\x39\x6e\x1c\x1b\x87\xbe\x16\xe6\xc3\x2c\x58\xd1\xe6\x82\xb3\xba\
\x76\xc5\xd8\xae\x5c\xfe\x69\x69\xbe\xeb\x93\x7f\xfc\x21\x44\xa4\
\xa5\x59\x73\xbf\x9e\x3e\x3e\xd2\xcc\x03\x07\x1c\xe2\x71\x93\x20\
\x98\x16\x7d\xf5\x15\x37\xf1\xd9\x67\x99\x1e\x33\x67\xb2\x10\x77\
\xf3\x75\xa0\x0f\xd0\x1e\x28\x78\xc1\xfb\x77\x0e\x2f\xb8\xff\x89\
\x88\xb5\xd6\x0b\x16\x2c\x30\xfe\xfb\xef\xbf\xda\x1a\x40\xd9\xa2\
\x12\xe6\x93\x8f\x1d\x3b\xc6\x74\xee\xdc\x99\xb5\xc6\xbb\xf0\xb3\
\x5e\xb3\x66\xc2\xb2\x9f\x7f\x66\x3a\x4d\x9c\xc8\x69\xb9\x0c\x6d\
\x1c\xc4\xb6\xd6\xfa\x2b\xac\x0f\xb4\xf1\x85\xa0\x9d\x21\x96\x64\
\xbc\xbf\xf8\x82\xc3\xbe\x40\x9c\x10\x8b\x22\xa7\xf8\x5c\xb8\xc0\
\xc6\x80\x6d\xd2\x8e\x59\x3c\x07\xc6\x12\xaa\xff\x8b\x79\x7c\xac\
\x77\xd6\xe5\x06\x70\xef\xb9\x0e\x4e\xe2\x03\x65\x3e\x85\x0f\x4f\
\x4f\xc9\x00\x5c\xa0\xe0\x16\xed\x9e\x39\xce\x96\x55\xbc\xf8\xef\
\xdb\xc7\x86\x3e\xf6\x18\x13\xdb\xb2\x25\x87\xf3\x1b\xea\x7e\x91\
\x01\x61\x61\xc2\x82\xcf\x3f\xb7\x1b\x4f\x54\x54\xd7\x81\xbf\x5a\
\xbb\x75\x6b\x2a\x27\x3b\x74\xc3\x86\x12\xf9\x4a\xf5\x5f\x36\x43\
\x5b\xad\xfe\xf7\x5f\x61\x21\xd8\xfc\x7b\xe1\xb9\xd0\xdf\x6d\xd2\
\xa3\x07\x57\xd7\xb2\x87\x9a\xc5\x4f\x70\x88\x97\x44\xcb\x7e\xcf\
\x58\x87\x68\xa9\xe9\xc3\x3e\x15\x81\xc3\x6f\x20\x7f\x60\x7d\x2e\
\xf2\x0b\xee\xe7\x8a\xbc\x60\x9d\xe3\xc6\x7c\x50\xd7\xae\xdc\x5a\
\xe0\x89\xc9\xbb\x77\x53\x6b\x76\xf0\x33\xb8\x87\x8a\x3a\x4f\x81\
\x7b\x7b\xa1\xaf\x63\x83\x11\xf4\xf9\xf2\xf2\x84\x48\x88\x0b\x60\
\x8c\xb2\x81\x7b\xf6\x14\x05\xbd\xf4\x92\x31\xec\xa1\x87\xd8\xf8\
\x46\x8d\x04\x2d\x36\xd4\xf5\xb1\xb8\xdf\x96\x0a\xe0\xb7\xdf\x7e\
\x9b\xd5\xef\x11\x99\x64\x7e\xcf\x4b\x58\x19\xf0\x91\x4c\x74\xf3\
\xff\x8a\x1f\x02\x6d\x8a\xf1\x93\xde\x5f\x56\xf1\xe2\x71\xe0\x40\
\x91\x1b\xbd\x67\x8d\x3c\x72\xdb\xb6\x9b\x62\x63\xd0\xdf\x6c\x0a\
\xf6\x4e\x7b\x8f\x6d\x60\x9c\x60\x9c\xe2\x2c\x07\x6d\x31\xfb\xba\
\xf8\x6f\x79\x0d\xf8\x13\x8b\xc0\x6e\xdc\xf7\xca\x2b\x4c\xaf\xb9\
\x73\xd9\xc6\xd0\x8f\x75\xc0\x6f\x44\x3b\x6d\x2f\x9e\xb6\xd4\x97\
\xab\xfb\x11\x29\x73\x7b\xf8\x6f\xc4\x0d\xe6\xc7\xd1\xc7\x44\x3b\
\x03\xfd\x63\xf5\x79\xf1\x3c\x6d\x86\x0f\xe7\xc0\x17\x92\x56\xfe\
\xfd\xb7\x00\x7e\x08\x97\xa8\xf3\x13\xc0\xbf\xb1\xd6\xd6\xe2\x9c\
\x2e\xae\x77\xb6\xc1\x08\x9e\x0f\x8f\x99\xe7\x01\x25\x25\x97\x6e\
\x9f\xff\x30\xa7\xc3\xa8\xb9\x6e\x07\x73\x63\xa8\x0b\x70\x8f\xb1\
\x32\xca\x02\xa2\x8b\x65\x30\x1f\xe2\x30\xae\x42\xdc\x40\x1b\x91\
\xa6\x4d\xe9\xf7\x98\x8e\x1a\xc5\xe2\x78\xbd\x09\x3e\x88\xdc\x63\
\xe1\x42\x2a\xef\x5c\xaf\x47\x0f\x66\x23\xc7\x89\xe5\x3a\xa7\x25\
\x7f\xa5\xe2\x05\x7d\xeb\x47\xc1\xc7\x99\xb0\x63\x07\xd3\x19\xfa\
\x19\xfd\x05\x6d\x9b\x62\x1b\x0f\x18\x30\x80\x57\xd7\x00\xa3\x9f\
\xaa\xce\x8b\xaa\xfb\xd0\xe8\xd7\x18\xa0\x1d\xeb\x0e\xfe\x25\x62\
\x1b\xb1\x09\xf1\x3f\x83\x39\x1b\xad\xaf\x80\x35\xe7\x7b\xf6\xec\
\xb1\xce\x95\xe0\x3e\x18\x96\xfa\x51\x9b\x3d\x23\x1c\xa9\x65\x1f\
\x12\x79\x26\x5c\x4b\xdd\x33\x01\x05\xf7\x8b\xb4\xb3\xff\xc2\x1f\
\xa0\xd9\x49\xb6\xf5\x1f\xa5\x09\xd6\xaa\xd2\x7e\x48\x7e\x3e\x67\
\xf8\xeb\x2f\x5b\x0e\x11\xad\xb1\x95\x6c\x78\xf2\x49\xaa\xcf\xa2\
\x32\x32\xf8\x15\x7f\xfe\x59\xe9\x71\x0c\xe6\xab\x47\x6e\xdf\x4e\
\xed\xb3\x9f\xdc\xb8\x31\xbf\xe6\xda\x35\xa9\x52\xfc\x1d\x9a\x5f\
\xa4\xe9\x6f\xbe\xc9\xa7\x68\xde\xb7\x86\x3c\x01\xfc\x60\x1d\xeb\
\x96\xba\xb1\x12\xd7\x9d\x22\x7f\x0c\x5e\xb2\x84\x83\xf3\xca\x78\
\x7e\xf4\xcd\xba\x02\xe7\x69\x39\x04\x71\x85\xfe\xa4\x65\xff\x3e\
\x05\x23\xb8\xb7\x1a\xd6\x1d\xe3\xba\x16\xb5\x46\xd9\xde\x75\x54\
\xbb\x87\x18\xc3\x18\x48\x5d\x8f\x82\x82\x75\xe2\x76\xd6\x98\xa0\
\xae\x4d\x34\xef\xa1\x5d\x56\x7c\xa0\x3c\x46\xe1\xc3\x60\x90\x0d\
\xeb\xd7\x3b\xe6\x10\xb4\x35\xe0\x03\x92\x5a\xb5\xac\xf3\x95\xe8\
\x37\x4e\x7d\xef\xbd\x4a\xb7\x31\x78\xbe\xa9\xef\xbe\x6b\x74\xf7\
\xf4\xb4\xc6\x30\xd1\x59\x59\xfc\x4a\xb0\xdf\x95\x8d\x45\xbc\xd6\
\x9c\xfd\xfb\x85\x14\xcd\x5c\xa0\x65\x8d\xb8\xb6\xae\xd9\xde\xd8\
\xa4\xfb\x0f\xfa\x76\xc2\x33\xcf\x18\xd5\xb6\x50\xf2\xed\x10\xf3\
\x34\xe8\xd0\xc1\x9a\x4f\x55\x31\x92\x97\x97\x27\xe2\x7a\x54\xd5\
\xaf\xc4\xf5\x00\x18\x83\x60\x8d\x20\xae\x61\x46\x0c\x59\xae\xa7\
\xd4\x8e\xa1\x7f\x8b\x73\xdb\x68\xd3\x70\xed\xa9\xfa\x3d\x94\xbf\
\xfe\xfa\x8b\xc7\x1a\x02\x3b\xd8\xc0\x77\xff\x64\x25\x59\xde\xd5\
\x50\x0e\xc1\x3a\x44\xea\x5d\xc8\xa4\x7e\x7d\xce\x00\x7c\xe0\x90\
\x43\xc0\xb6\x92\x5e\xbd\x28\xbf\xa0\xc1\xe0\xc1\xec\x06\x86\x91\
\x2a\xb3\xdf\x94\xf9\x94\xc3\x87\x05\x4f\x5f\x5f\x2b\x7f\x84\x25\
\x27\x73\xcb\x81\xe7\x1d\xc5\xb8\x15\xb9\x16\xf8\x93\x54\x9d\x03\
\xce\xed\xad\x5d\xbb\xd6\x9a\x1b\xdb\xbd\x7b\x37\x67\x27\xa7\x20\
\x23\x26\x54\x7f\x17\xfd\xd1\x19\xef\xbc\x43\xf9\xeb\xc8\x51\x0f\
\x40\xdc\x85\xbe\xb1\x1e\x23\x58\x3b\x80\x7b\xfe\x69\xf7\xd2\xc3\
\xeb\xa1\x1f\x01\x7c\x80\x7b\x33\x32\x60\x8b\xc4\xd7\x5e\x7b\x4d\
\xc4\xba\x7b\xf4\x69\xd5\x5c\xbf\x2a\xb8\x9e\x07\xf7\xd3\xb0\x83\
\x0d\xf4\xc5\x67\xa0\xdf\x01\xf7\x5d\x1e\x6c\xa8\x42\xe7\x43\xdc\
\xdc\x24\xc3\xb6\x6d\x8c\x35\x96\xd1\x2b\x1e\x07\x9f\x88\x68\x78\
\x1f\xfa\x50\x1a\xb6\x71\xa3\x62\x77\x95\x7c\x39\xe2\xa4\x02\x8a\
\xdf\x47\xfb\x32\xe7\xe8\x51\xc9\xcb\xcf\xcf\x7a\x9d\xc0\x88\x08\
\x71\xd1\xb7\xdf\x0a\x4a\xfb\x6b\xbf\xe3\x84\x2d\x51\xcf\xab\xce\
\xa3\x69\x72\xb5\x78\x2d\xa9\xff\xa3\x8f\xea\x73\xf3\x38\x77\x63\
\xcd\x8d\x61\xed\xad\xb6\x6e\x2c\x15\xc6\xf6\xd0\xe5\xcb\x99\x31\
\x9b\x36\xb1\x1d\x27\x4c\xe0\xea\x37\x6f\x2e\x64\x40\xdc\xb1\xe0\
\xec\x59\x16\xef\x5d\xbd\x86\xa2\xd0\xe7\x13\x9f\x7b\x8e\x4d\xc3\
\x7c\x89\x2e\xb7\x8a\xf6\x04\xe3\xd1\x67\x9e\x79\x46\xa9\x79\x31\
\x99\x1c\xaf\xb3\xd4\x0a\xae\x2f\x84\x58\x85\xb1\x57\xc7\x6a\xd1\
\x5d\xa0\x01\x15\xe0\x0e\x55\x90\x43\x7e\xa0\x30\x82\xf9\x90\xef\
\xbe\x13\x0d\xbf\xfe\x2a\x53\xfa\xdb\x6f\xb2\xe1\xff\xfe\x4f\x32\
\x6c\xde\xcc\x03\x8e\xa8\x7a\x16\x9f\xc0\x40\xb1\xdd\xb4\x69\xcc\
\xdc\x13\x27\x38\xcc\x5d\xac\xbe\x72\x05\x7d\x05\x7e\xed\xf5\xeb\
\xc2\xba\x1b\x37\x44\x8b\x4a\x1a\x55\x8f\x89\xf8\x19\x54\xfc\x3c\
\x7e\x0f\x6c\x08\xff\xd4\x5f\x7f\x89\xa3\xa0\xcd\xc0\xbe\x58\xe7\
\xad\x00\x2b\xe2\x7d\x6f\xbe\xc9\xac\xbc\x74\x49\x39\xbf\xf5\xdc\
\x85\x85\x32\x28\xda\x7b\x59\xa3\x18\x23\x9b\x94\xbf\xe1\x35\xf0\
\xdc\x97\x2f\xf3\x4f\x41\x5c\xb1\xf4\x97\x5f\xa4\xc7\xbf\xfb\x8e\
\x9d\x77\xfa\x34\x37\xe5\x9d\x77\xd8\xbe\x4b\x97\x1a\xeb\xe4\xe7\
\x33\xda\xbe\xc3\x18\x71\xff\xfe\xfd\xd6\xba\x31\x18\xe7\xac\xb6\
\xae\x39\x3d\x33\x53\x78\xe0\xe3\x8f\x6f\x3c\xfd\xf7\xdf\xcc\xb2\
\x9f\x7e\x2a\x9a\x77\xfc\xf8\xf5\xa9\x7b\xf6\x5c\x85\x18\xa9\x70\
\xf9\x2f\xbf\xe0\x31\x66\xe9\x8f\x3f\x32\x60\x5f\xf0\xa7\xf1\x89\
\x6f\xbf\xbd\xde\x61\xfc\x78\x5c\x13\x63\x53\x8f\x6e\xe9\x5f\x19\
\xfd\x07\x5c\x4f\x84\xfb\x6a\x61\x5c\x8d\xef\x18\x45\xbe\x40\xc1\
\x9f\x38\x8f\x8c\x39\x3a\xdc\xc3\x18\xe3\x14\xcc\xa1\x3b\xc0\xc6\
\x21\xd0\x84\x4a\xc0\x86\x2a\x74\x2c\xe3\xe1\x21\x93\xb8\x38\x09\
\x4e\x2e\x03\x39\xe1\x4f\xb3\x26\x27\xa3\x8a\xe0\x7f\x48\xe0\xab\
\xd8\xad\x49\xf3\x09\x0a\x12\x31\xaf\x05\x31\x3c\x93\xd4\xb0\x21\
\x9b\xdc\xa4\x09\x97\xd2\xb4\x29\x9f\xda\xac\x99\x90\x0a\x63\x4c\
\xaf\x29\xcd\x9a\xf1\xf8\x99\xa4\x46\x8d\xd8\xc4\x06\x0d\x98\xf8\
\xdc\x5c\x26\x26\x3b\x9b\x89\x84\x73\xf8\x87\x84\xd0\x75\x84\x70\
\xcd\x20\xb8\x76\x74\x46\x06\x8b\xe7\x07\x7f\x95\xc5\xf3\xa6\xb5\
\x6c\x29\xd5\x6e\xd3\x46\xae\xd3\xae\x9d\x54\xb7\x7d\x7b\x11\xb5\
\x4e\xdb\xb6\x52\xed\xd6\xad\x65\xfc\x1b\x7c\x86\xc7\xf3\xc7\xc1\
\xb9\xa3\x70\xaf\x2e\x5c\x7f\x08\x3e\x14\xde\xab\x05\x7f\x52\x98\
\x66\xbf\x31\x4b\x9c\x21\x9d\x3b\x77\xce\xba\x96\x03\xf7\x5b\xa5\
\xea\x0a\x93\x92\x84\xe8\x94\x94\x6b\xb5\x52\x53\xaf\x47\xa5\xa6\
\x5e\x8b\x4e\x4b\xbb\x16\x9d\x9e\x7e\x23\x2a\x25\xa5\xa8\x56\x72\
\x32\x5b\x2b\x29\x89\x53\x34\x31\x91\x8b\x4c\x48\x28\x8a\x88\x8f\
\xbf\x5a\x23\x3c\xbc\x10\xdf\x47\x51\xd2\x9a\x05\xf4\x4d\xd1\xd7\
\xc0\xf9\x50\xcc\x97\x8c\x1e\x3d\x1a\xe3\x68\x23\xfe\xec\xd9\xb3\
\xa7\xb2\x36\x14\xed\x58\x09\xef\x23\xf8\x18\xb4\x36\xe2\x02\x6d\
\x4b\x6c\x6c\x6c\x65\xe0\x23\x01\xf4\x2b\x7b\xfd\x7d\x97\x28\xd6\
\xc1\x52\x75\xd2\x96\x77\x05\x2b\x79\x27\xf0\x07\x6c\xea\xe6\xf0\
\x7d\x44\x6e\x6e\x6e\x0e\x6b\x7b\x4b\x50\x19\xf3\xcf\x96\xf5\xcf\
\x25\xee\x91\xa0\xbe\x97\xc2\xc9\x77\x54\x20\xe6\x5e\x02\x8d\x47\
\x6c\x00\xc6\x94\x7d\xb3\x2b\x51\xa6\x92\x3b\xf7\xfd\x28\x25\x2a\
\xd6\x9d\x46\x47\xd3\x6b\xe6\x70\x8f\x21\xdc\x0b\x02\xf1\x71\xf1\
\xe2\x45\xb1\x4d\x9b\x36\x54\x4d\x78\x0c\xd6\x49\x3b\x58\x23\xee\
\x8c\xe2\x1a\x17\x5c\x43\x8d\xb5\xc9\xfa\x35\xdc\xe5\x50\x8c\x53\
\x66\xc1\x79\x02\x11\x1b\x29\x29\x29\x40\xff\xea\x72\xb9\x4a\x13\
\xcc\xbf\x1e\xb7\x7d\x16\x83\xc9\xe0\xe6\x69\x32\xb8\x7b\xc9\x6e\
\xee\x3e\xa2\x9b\x87\xbf\xe0\xee\x15\xc4\xbb\x7b\xd5\xe0\xdd\x3c\
\xfc\x6c\xdf\xcb\x84\x76\xc7\xdb\x57\x24\x7e\x81\x02\x09\xa8\xc1\
\x93\xa0\x9a\x02\xa9\x11\x2a\x90\xe0\x30\x51\xd1\x9a\xe1\x92\xf9\
\xf7\x50\x91\x04\x85\xc0\x67\x82\x79\xe2\x17\x20\x10\x2f\x1f\x89\
\xb8\x83\x5d\x33\xb7\x79\x59\xea\xe0\xcd\xdf\x71\x77\x97\x89\x87\
\xa7\xac\x5c\xdb\xd7\x5f\x20\xfe\x81\xbc\x72\xfd\xc0\x60\x41\xb9\
\x07\x45\x43\x8a\x7f\x0f\x0c\x36\xff\x1d\xee\xd3\xd3\x3f\x90\x7a\
\x37\x55\xa2\x79\xff\x44\x7e\xef\xde\xbd\x46\x5c\x6b\x7c\xe1\xc2\
\x05\x23\xc4\x9b\x54\x9d\x6c\xad\x98\x18\xc6\xe0\xe3\xc7\x29\xd7\
\xf3\xf6\x31\x2b\x3e\x83\xa2\xde\x66\xf5\x54\xd4\x7c\x5f\x36\xed\
\xe4\x0e\xed\xea\x25\x79\x78\xf9\x71\x41\xc1\xe1\x45\xb1\xf1\xa9\
\x45\x49\xc9\x69\x62\x52\x22\xf8\xc0\x89\x4e\xed\x1f\x89\xfb\x0c\
\x7e\x0a\xba\x18\x34\x13\x31\xa1\xfa\x1b\xc0\x4d\x95\x8d\x0d\x55\
\x86\x10\x42\xef\x17\x0f\x38\x10\xe3\x9b\x6f\xe2\xd3\xba\xee\x93\
\xd2\xbb\x7f\xcc\xd7\xee\x75\x82\xa9\xd3\xe7\x9c\xb1\x6e\xbf\x4f\
\x8d\xb5\x7b\x1e\x63\x42\xd3\x47\xd2\xb5\x93\x01\x41\x22\x59\xf4\
\x7c\x11\x79\xf1\x1c\x43\x76\x7d\x6a\x24\xbb\xbf\x60\xc8\x6b\x5f\
\xb3\x64\xcf\x37\x1c\x28\x4f\xf6\x7c\xcb\x2b\x3f\x5f\xfb\x9a\x23\
\xaf\x7e\xc9\x90\x97\x3f\x33\x92\xe7\x4e\x33\x64\xf3\x41\x81\xac\
\x7a\x9b\x27\x8b\x5f\x2a\x22\xb3\x56\x72\x64\xc4\xfd\x0c\x69\xd3\
\x9b\x25\x89\xb5\x79\x68\x5f\xed\x38\x95\x49\x44\xac\x40\x5a\x74\
\x67\xc9\xc8\x39\x0c\x99\xbd\x9a\x23\x4f\xbc\x58\x44\x9e\x7e\x93\
\x25\x6b\xdf\x97\xc8\xd6\x43\x3c\xd9\x79\x82\x21\x2f\x9c\x35\x2a\
\xd7\x7f\xe5\x73\xf3\x3d\xec\xfe\x52\xa3\xf0\xef\x97\xe1\xf8\xae\
\x0b\x46\xf2\xd2\x79\xa3\xff\xfd\x2b\x6f\x68\xd7\x78\x6a\x7d\x54\
\xac\x4f\xc6\x3a\x29\x6d\x9d\x74\x72\x42\xbc\x29\xac\xdf\x58\x23\
\xd9\x76\x84\x25\x5b\x0f\x73\x64\x0b\x5c\x73\xcb\xc7\x3c\x3c\x03\
\x4f\x36\xc1\x73\x6c\x3a\x20\x90\x8d\xfb\x45\xb2\x71\x9f\x08\xbf\
\x8b\x64\xf2\x62\x16\xb0\x6f\x7d\x06\xc4\x45\x4c\xc3\xa5\x7c\x5a\
\xb7\xfd\x12\xa8\x90\xd6\xfd\x10\x57\xb7\xcf\x09\x63\x76\xef\xfd\
\x4c\x46\x87\x75\x4c\x4a\xfd\x01\x46\xe4\x33\xe8\x67\x5c\x6b\xc9\
\x03\x17\x20\x7e\x11\x9f\x3f\xc3\xf5\x5f\x4f\x32\xbf\x93\xb4\x15\
\x68\xb8\xe5\xdd\x1c\x4a\x0c\x5b\xc1\x38\xd6\x19\xc1\xfd\x54\xdf\
\x25\x14\xce\xdd\xe4\x84\x56\x3b\x98\x82\x7b\x4c\xa6\xfc\x89\x3a\
\x9d\x64\x32\x65\x0e\xfa\x9e\xf7\x0a\x88\x2b\x5e\xbb\x81\xf5\x02\
\x4f\xbf\xc1\x92\x2f\x4c\x26\x72\xa1\x0c\xfa\xa9\x4e\x2f\x98\x64\
\x72\x46\x90\xc8\xbe\x3f\x05\xb2\x6c\x37\x4b\x5a\xf6\x64\x49\x52\
\x1d\x33\x26\xde\xf8\x8e\x27\xa7\x79\x49\xf9\x8c\xfe\x7b\xc5\xdf\
\x77\x4e\x3f\x37\x99\x02\xd6\xbe\x53\x64\x0f\x1f\x9a\x18\x94\x3e\
\x0e\xf8\x08\x7e\x70\x2d\x8b\xdf\x75\x78\x7d\x55\xb1\x1d\xe6\x6d\
\xa6\xf2\x01\xde\x81\x49\x7c\xf6\xb0\xff\xf1\xd8\x7e\xda\xf6\xcc\
\x33\xb7\xa9\x1c\xd3\x68\x59\x91\xc1\x40\x44\xf0\x6f\x64\xb0\x43\
\x3c\xee\x6b\xec\xe9\xe9\xf9\x43\x70\x70\x70\xc3\xfa\xf5\xeb\xbb\
\xab\x3c\xa1\xe2\xe2\x26\x73\x86\x5e\xf0\x1d\x33\x54\x2d\x73\x40\
\xad\x16\x5c\xbd\xd1\x57\xc5\xbc\x09\xb2\x29\x6f\x82\xa4\x53\x51\
\x0a\xad\x3d\x86\x5e\xfb\xd5\x67\x02\x4b\xce\xc9\x32\xa8\xa9\xc2\
\x7a\xde\xd2\xce\x27\x59\x91\x1c\xbc\xc8\x93\xb3\x92\xa4\xf4\x6b\
\x65\x9c\x1b\x15\xce\x1d\xb8\xfc\x95\x22\xf4\xef\x92\x9d\xb7\xf7\
\x72\xe0\x8a\x57\x19\xe5\xbe\x4a\x3b\xff\x19\x51\x22\x1d\x07\x53\
\xed\x53\x33\x79\x00\x9b\x3b\x9e\x97\x6c\xdb\x52\x36\xd5\x1b\x79\
\x51\xf0\x0b\x2f\xb0\xb7\xcf\xcf\x8a\xf6\xed\xdb\x93\xf0\xf0\x70\
\xe2\xe3\xe3\xa3\xf8\x9e\xf8\x9e\x74\x17\x08\xd6\x32\x3f\xaf\xbd\
\x37\xe4\xc3\xe4\xf6\xaf\xb1\x0a\xc6\x75\xcf\x84\xc7\x52\x3a\xbd\
\xcd\x1a\xdc\xbd\x8b\x6d\x40\x6c\x0a\x4f\xde\xfb\x8d\x57\xfa\xb6\
\xb2\xfa\xf1\x9c\xc9\x54\xb9\xe7\x2b\xc6\x87\xe7\xdc\x75\x4c\x50\
\x80\xbf\x31\x34\x34\x94\x45\x7f\x31\xc1\xbc\x37\x9d\x9c\x1c\x1f\
\xa7\x70\x85\x7e\xde\x34\x31\x2d\x5d\xf2\xdd\x0e\x76\xa5\x34\x7c\
\xe0\xfd\xbe\xf7\x2b\x4f\x62\x92\xb4\x71\x8e\x1c\xdf\x62\x33\x83\
\xdc\x61\xaf\x2d\x13\x5b\x3f\xcb\x18\x0c\xee\x7a\xbf\xf7\x77\xd0\
\x6c\x57\x80\xc1\x81\x34\x24\xba\x3d\x10\x83\x62\x3b\xb2\xf5\xc7\
\xdc\xb0\xc3\x21\x16\xcc\x87\xe5\x16\x63\x1e\x6c\x12\x59\xb8\xd3\
\xb9\xf1\xe5\x2c\x87\x9c\x47\x7b\x23\x02\x27\x49\xb2\xc2\x1f\x95\
\x85\x95\x4f\xe1\xbc\x13\x1f\xb5\xee\xfd\x83\x6b\xd6\xbc\x33\x0b\
\x8c\x81\x4f\x3c\x6f\x0c\x9b\xf0\x20\x1b\xdd\xbe\x27\x97\x90\x9d\
\x2b\x62\x1d\x32\xae\x01\x41\xcc\x24\x64\xe6\x88\x5e\x7b\xc0\x7f\
\x2a\x8d\xc7\xf0\xf9\x97\xbe\xc2\x2a\x75\xbe\x96\xb6\xf1\xf4\x8d\
\x14\x32\x06\x7c\xc5\xe7\xd9\x8c\x35\x68\xc7\x51\xff\x0a\x01\x91\
\x4d\xed\x71\xc7\x53\x2e\xc0\x40\x49\x82\xc4\xf5\x34\xd1\xdc\x23\
\xc4\x2e\x52\x4a\xc7\x37\x1c\x71\x88\x1c\x95\x37\x9f\x5e\x23\xd8\
\xbc\x1b\x4b\x4e\x30\xa2\x32\xee\x2b\x8a\x8d\x0f\xff\x10\xc8\xd0\
\x19\x0c\x69\xdb\x57\x24\x5d\x86\x71\xe4\xc1\x0d\x0c\x39\x72\x4d\
\xaa\x14\x8c\xa0\x0f\x33\x74\x06\xbd\x27\x64\xa3\xf6\x12\x39\x2d\
\xc8\x88\x49\xb7\x4f\xae\x09\x5e\xaf\x7f\xc3\x05\xac\x7c\x9d\x0d\
\xbd\x77\x01\x1b\xdd\xb1\x0f\x17\xdd\xae\x07\xe3\xf1\x11\xdc\x53\
\x69\xd7\x3f\x0b\xb6\xa5\xeb\x70\xca\xb6\xd4\x88\xef\xce\xe6\x8e\
\x63\x6c\x6c\x0b\xb6\x6b\x42\xab\x67\xec\x71\x07\xd6\x0b\xdb\x5b\
\x5b\xed\x6a\xa9\x4d\x74\x73\x77\x41\xb1\x9d\xec\x72\x08\x3e\x5b\
\x9d\x3e\x67\x38\x77\xef\xe2\x7a\x51\x88\x1f\x45\xf2\xdc\xa9\xd2\
\xc7\x98\x33\xf8\xd8\xff\xb7\x40\x52\xb3\xa8\x35\xf2\x64\x2e\x60\
\xa4\x32\xfc\x90\xb3\xc0\x47\x9d\x87\xd2\x79\xae\xd6\x10\x37\x21\
\x3e\xd4\xeb\xab\xfe\x33\xe2\xe5\xd8\x0d\xd1\xe3\xc3\xff\x71\x06\
\xf4\x8f\x4b\xc6\x9d\x89\xbc\xf5\x23\x4f\x6a\xc5\x6b\xd7\x5d\xcb\
\xf1\xcd\x37\xda\xda\x96\x89\xb2\x29\x67\xe4\x3f\x82\x7f\x44\x43\
\x7b\xdc\xb1\xb8\x6a\xbb\xbd\x4c\x42\xd5\x21\xa2\x8f\x91\xdc\xe1\
\x75\x3b\x1c\x22\x9b\x72\xc7\x1a\xc5\xa0\xb8\xce\xb4\x9f\x3a\xe6\
\x21\x46\x19\x9f\x15\xed\x43\xf4\xf1\x5a\xf7\xa6\xd6\x10\x93\x36\
\x7d\x59\x25\xbe\xa9\xe8\xb9\x4f\x71\x22\x69\xd2\x89\x7e\xf7\x41\
\xcf\x31\x46\xc0\x82\xfd\x73\x9f\x77\xd2\xb6\x21\x9e\x1e\xd9\xca\
\x60\xcd\x84\x7a\x5e\x4f\xbf\x68\x21\x73\xe0\x7f\x6c\x6c\x0b\xb6\
\x67\x7c\x8b\x2d\xf0\x59\x9b\x7d\x09\xb0\x3e\x27\xb5\x8a\xfb\xbc\
\x2c\x92\x08\xfa\x2d\xd1\xdc\x73\x60\x4c\x3b\xb6\xfe\xe8\x6b\xb6\
\x1c\x32\xc9\xf2\x8c\xa4\xb8\x3d\x48\x6a\x36\xa7\x8c\xfd\x8a\xda\
\x01\xc4\x41\xeb\xde\xb4\x0d\xc8\x69\x6a\x24\xc7\x0a\x2b\x76\x6e\
\xfc\xee\x91\xab\x22\xa9\x9b\x4f\xf3\xc7\xf0\xd9\x7c\x85\x71\x7d\
\x12\x6c\x6b\xf3\xae\x74\xdc\x92\x32\xc8\x36\x6e\x41\xee\x18\xf1\
\x37\xf8\x6f\xf9\xf6\xb8\x63\x5e\x95\xf6\x76\xf9\x64\x2e\xd1\xc5\
\x32\x49\xed\x5e\xb6\xe5\x10\xf8\x77\xd6\xe0\x1f\x79\xaf\x80\x84\
\xe2\xb6\xc6\xbc\xd6\x93\x7b\xd8\x0a\xfb\xa9\xc8\x1f\x6d\xfa\xd0\
\xf8\xc8\x6a\x54\x54\x29\xf8\xf8\xf0\x0f\x88\x2f\x92\xe9\xbd\x29\
\xa6\xaf\x28\xaa\xd0\x3d\xa3\x6d\x79\xf1\x1c\x47\x82\x42\x8a\xdf\
\xbd\x63\xf0\x80\x76\x7b\x85\xd5\xdb\x16\x85\x3b\xc0\xe6\x28\x3e\
\x3d\x8d\x0d\x5c\xcf\x54\xe9\x49\xf2\x9b\x20\xf1\xa0\x5f\x13\x7d\
\x3e\x64\xd4\x65\xc1\x36\x96\xc1\x5c\xc8\x58\xda\xc6\x60\xec\x7f\
\xba\x82\x76\x00\x63\x97\x65\xbb\x19\x65\x3c\x36\xea\xc0\x93\x0e\
\x03\x18\xb2\x64\x17\x03\xfe\x5f\xc5\xc6\x38\xf6\xe3\xab\x5f\xf1\
\x4a\xbe\x5f\x8b\x8f\x47\x77\x72\xe4\xb3\x0a\xe1\x03\x63\x22\xca\
\x5f\xf7\x09\xae\xcb\x67\x0f\xff\x3f\x01\xf9\x82\xe2\x8e\xe1\x7f\
\x0a\x7e\xa1\xb9\x7a\xee\x40\x3b\x33\xb5\xaa\x3b\xba\x02\xf2\x00\
\xd1\x72\x08\x8c\x85\x84\x56\x3b\x19\x3d\x87\x28\xb9\x90\xce\xef\
\xd0\xb9\x90\xd0\x48\x01\xfa\xa0\x72\xfc\x54\xf4\x09\x4f\xb2\xb2\
\x12\x17\x54\x86\x6f\x8a\x1c\xb1\xfd\x13\x96\xf8\x68\xe6\x91\x90\
\xf3\xd6\x7d\x50\xfe\xd8\x1c\xef\xf3\xe0\x25\x81\xd4\xa6\xfb\x3c\
\x32\x67\x36\x03\x1c\x2b\xeb\xe3\xbe\xb8\x66\xeb\x68\x9b\x6c\xd6\
\xd3\xc4\xbc\x3f\xd8\xed\x22\x09\xa0\xdf\x10\xcd\x33\xf8\x87\x37\
\xe0\x72\x46\xfc\x43\x8f\x07\x25\x17\x72\x09\x6c\x69\x1e\xcd\xd7\
\xd3\x96\x31\x4a\x9e\xa1\xa2\xfd\xa9\xc6\x12\x6a\xfe\xa3\xa2\x7e\
\x0d\x62\xe0\xc9\x3d\x1c\x71\x73\x2f\xee\x1f\xff\x40\x91\x3c\x7f\
\x86\x2f\x37\x3e\xf0\x7b\x38\x17\xe4\xe9\x65\x1d\x23\xee\x5e\x41\
\x62\xed\x5e\xc7\x38\x6a\x3c\xc1\xef\xc8\x27\xbe\x21\x39\x7a\xee\
\xc0\x78\x67\x4c\xd5\x77\x71\x85\xe5\x21\xa2\x7d\x0e\xb0\x97\x71\
\xcd\xd6\xdb\xe3\x10\x39\x2a\x6f\x01\x9d\x0b\xc9\x6e\xcc\x91\xc3\
\x57\xc4\x0a\xf7\xe7\x09\xa3\x44\xde\xfa\x01\xe7\xf7\x58\xf2\xde\
\xaf\x22\x39\x7a\x43\xac\x30\x3e\xe6\x6d\xa6\xf7\xde\x08\x8f\x16\
\xc8\xdb\x3f\x96\x9f\xef\xd0\x57\xea\x32\x8c\xb2\xb1\x4a\x6e\x71\
\x6c\x11\xe5\xd3\x63\x3b\xc5\x36\x59\x6d\x6f\xcf\xb6\xc3\xc4\xfc\
\x1e\x8e\xdb\x4d\xb0\x50\x0d\xf7\xa0\xb1\x3e\x8b\x6f\x48\x36\x87\
\xf3\x4c\xda\x78\xcd\x6e\x2e\xc4\xdb\x47\x22\xeb\x3f\xac\xa0\x9f\
\x2a\xc9\x64\xfc\x7c\x06\xec\x15\x4f\x6a\x86\xf3\x24\x22\x46\x20\
\x83\xa7\x16\x41\x6c\x53\x7e\x5e\x42\x4e\x9b\xf4\x18\x3d\x7e\x93\
\x33\x78\x72\xe0\x62\xf9\xb0\x8c\x98\xc2\x79\xea\xb0\xa8\xe2\x9c\
\x07\xc4\xb7\x09\x2d\xb7\xd1\x39\x0f\xe4\x0e\x68\x37\xdf\x90\x2c\
\x7d\x7d\x11\xe2\x6a\x70\xd5\x77\x6d\xa5\x09\x5d\x87\x08\xd8\x8f\
\x69\xb8\x4c\x67\x57\xd5\x5c\x48\x17\xdd\x9c\xdd\x78\x56\x99\x5b\
\x2b\x6f\x5f\x22\x0e\x5a\xf6\xa0\xfb\x12\xe7\xfe\x2b\x12\x3f\xa3\
\x1f\x39\x64\x1a\x1d\x17\xe5\xb7\xe2\x80\xa7\xca\xc7\x4b\x88\xb7\
\xe9\xf4\xfa\x20\xef\x1a\x69\x7c\xf6\xd0\x5f\xf5\x63\x48\x8e\x6d\
\xfc\x94\x3d\xee\xc0\xbd\x04\x83\xaa\xb2\x43\x2b\x59\x30\x57\x43\
\xd5\x32\x7b\xd7\x48\xe5\x31\xae\xa5\x9e\x5f\xc9\x85\x6c\xa5\xfd\
\xae\x28\x88\x7b\x31\x9f\x58\x5e\xde\xc6\xbe\x1c\x3e\x8b\xce\x63\
\x05\xd4\x10\xc8\x8b\xe7\xcb\x6f\x0b\x30\x77\xda\x69\x08\x3d\x86\
\x3b\x0e\x62\xca\x85\x63\xc4\xe8\xe1\x2b\x02\xc4\xdd\x14\x86\x23\
\xb2\x67\x30\x30\x66\x64\x8a\x3b\x86\xfe\xc6\xfb\xd4\xcc\xb0\xc7\
\x1d\xfd\xab\xb6\x3b\x6f\x8a\xd0\x6b\xaa\x60\x0c\x44\xe5\x3e\x02\
\x1c\x42\xb7\x81\x92\x0b\x09\x4c\xa4\xe6\x2d\x95\x9c\x78\x45\xfc\
\xbe\x15\xaf\x53\x73\x5d\xe0\x57\x4a\x70\xac\xf4\x79\x54\x47\x8a\
\xb9\xd3\xa6\x9d\x69\xcc\x0d\x9b\xc5\x96\x2b\x37\x86\xf7\xb0\xe6\
\x3d\x56\xa9\x1f\xd3\xfa\xa5\x3d\x69\xbf\x14\xb9\x23\xa6\xd1\x72\
\x7b\xdc\xa1\x7f\x8f\xe0\xed\x2a\xe9\x44\x37\x2f\x83\xf5\x41\x19\
\x03\xbe\xe6\xe8\xbc\xb1\x28\x85\xd5\x19\x47\xdb\x98\x82\x36\x1c\
\x39\x56\x58\x7e\xdb\xfe\xce\xcf\x02\x89\x4d\x51\xd7\x5c\x2a\x75\
\xe7\x64\xce\xda\xf2\xe5\xb2\xf0\x1e\x3e\xb9\x2e\xc1\x78\xa7\x31\
\x3c\x6b\xa5\xb1\x5c\xe7\x43\xbf\xb4\xfb\x48\xda\x2f\x8d\xeb\x4c\
\xfb\xa5\x38\x6e\xc0\xd6\xf8\x04\xd7\xd6\x73\x07\xfe\x7b\x48\x95\
\xf6\xe2\xcd\x15\x7a\x4d\x15\xf2\x68\xd6\x74\xe0\x51\x49\xd6\xfa\
\xa9\xa9\x9d\xdf\xa5\x73\x21\x7e\x01\x22\xd9\x7a\xb8\xfc\x7e\x2a\
\xda\x83\xad\x87\x58\x72\xff\xea\x42\xf2\xe0\xc6\x42\xb2\x70\xa7\
\x91\xec\xf9\x96\x2b\x17\xde\xf0\x3b\x07\xfe\xe1\x49\x62\x9d\xe2\
\xbe\xc2\xf9\x8f\xa5\xbb\xcb\xce\x47\x8a\x5f\x0a\xf7\x81\xb1\x8f\
\x26\xbe\xc3\xba\x3b\x9d\x5f\x2a\xc7\x34\x58\x62\x8f\x3b\x8e\x91\
\xdb\x33\x66\x71\x24\x36\x1c\xe2\xe1\x1b\x21\xd4\xe9\x73\x4e\xc3\
\xa5\x6a\x2e\x44\x37\xaf\x30\x68\x2a\x43\xce\x55\x20\x17\xa2\xaf\
\x45\x2c\xbf\x3f\x63\x22\x6f\xff\x84\x71\x50\x31\x3e\x7c\x7c\x25\
\x25\x5f\x56\x56\x7c\xa0\x5f\x3a\x6d\xb9\x1d\xbf\xf4\xb7\x62\xbf\
\x0c\xb9\x63\xc8\xcf\x3c\x1e\x27\x34\x36\x10\x53\x63\xab\xbc\x07\
\x6f\xbe\xe8\xfd\x10\x13\xd8\x13\x26\x6f\xbc\x20\x51\xb9\x90\x7c\
\x3a\xcf\x6c\xae\x2d\xfb\xb5\x62\xb5\x65\x7a\x8c\x94\xf7\x1c\xbb\
\x3e\xe5\x95\x3a\x04\xf5\xde\x6a\x46\x08\xe4\xf5\x6f\xcb\xe6\xef\
\xe2\x73\x1c\xba\x2c\x90\x4c\x7a\x6e\xde\xcc\xa7\x94\x4f\x26\x47\
\x17\x2c\xb2\xc7\x1d\xb8\xaf\xf1\x9d\xc4\x1d\xaa\xe0\xfe\x10\xd4\
\x1e\x33\x98\xf3\x00\x7f\xcc\x3a\x77\x67\xce\x85\x9c\xe5\x3c\xbc\
\x8b\xe7\xa9\x94\xf9\xee\xf9\xdb\xca\xef\xa7\x9e\x95\x4c\xe4\x95\
\xcf\x79\xb2\x60\xbb\x91\x3c\xb4\xa9\x08\xc6\x3b\xc4\xa3\x4c\xd9\
\xe3\x0d\xbc\xfe\xe6\x8f\xd1\x9f\x2c\xbe\xb7\xf8\x74\x41\xa9\x87\
\x2e\x0b\x76\xf1\x3c\xab\xde\x66\x95\xb5\x0c\x96\xf3\xb8\x79\x06\
\x88\xe9\x3d\x8e\x14\xcf\x61\x5a\xfc\x75\xef\xa0\x14\x3d\x77\xfc\
\x0b\x5a\x96\x7d\x9f\x6e\x37\xa1\x73\xaa\xa0\x21\xa9\x43\xd9\xdc\
\x71\x9c\x95\x43\x72\xc7\x32\x12\xd6\x4c\x51\x9f\x6b\xd2\x89\x25\
\xc7\x8d\x65\xaf\x2d\x53\xe7\x5b\x53\xb3\xd5\x35\x15\x92\xb2\xd6\
\xe5\xb1\x67\xcb\xee\xa3\xaa\xb5\x7f\xda\x79\xd3\x7a\xcd\x58\xc5\
\x7f\x2e\xcb\x7d\x9d\xb1\xad\x11\x0b\x8c\x6e\xcd\x51\x75\x54\xf6\
\x78\xd4\xac\xab\x89\x79\xdf\xd1\x3b\x55\x70\x71\xe7\xe7\x44\xcb\
\x21\x5e\x35\x60\xec\x1c\x2e\xe6\x10\xf0\xcf\x12\xdb\xbc\xc0\x52\
\x75\x73\xb8\x46\x66\xe7\xf1\xf2\xf9\x81\xbb\xbf\x10\x48\x60\x4d\
\xfa\x5d\x18\x63\xe7\x95\xfd\x5c\xf8\xf9\xfb\x75\xf9\xed\x76\xfd\
\x58\xa5\xbf\xcb\x72\x3f\xe8\x97\x6a\xf3\xa5\x70\x3e\xcc\x9b\x6b\
\xb9\x03\xd7\x80\xe0\x9a\x06\x42\x63\x03\xfd\xb7\xda\x55\xdb\x5d\
\x2e\x91\x7b\x88\xf9\xfd\x88\xf6\x39\xc4\x32\x87\x6d\x93\x4b\xc6\
\xf5\x4f\xe7\xcb\xe8\xa7\xaa\xf8\x08\xd2\xe1\x63\xf4\x83\x52\x39\
\xb0\x26\x93\x51\x73\xe9\xdc\xc7\x90\x69\x65\xcb\x7d\xd8\xc9\x97\
\x9a\x6b\xc4\xbe\xd5\xfa\xa5\xb6\xf3\x51\x66\x7d\xa4\x4a\x7b\xc9\
\x75\x12\x02\x7a\x84\xd8\x70\x08\x65\x7f\x6d\xdb\x08\xe3\xca\x0f\
\x9d\xa8\xf1\xd5\xe3\xe3\xcd\xef\x39\x12\x12\x49\x63\x6d\xe2\xa3\
\xe5\x89\x99\x65\xd2\x8d\xca\x57\xc8\x64\xc6\x0a\xe7\xfd\x22\x73\
\xbe\x54\x54\xe6\x1e\xa9\xb1\x31\xa4\xb8\x46\x4c\xf1\x3b\x7e\x00\
\xbf\x23\x59\xcf\x1d\x58\x4f\x93\x50\xa5\xbd\xe4\x5a\xc1\x77\xbb\
\x53\xf5\xa1\x21\xa9\xc3\xac\x1c\x82\x38\xa9\xdb\xef\x33\x0e\x63\
\x60\xeb\x67\x30\xf7\xf9\xf8\x0b\x65\xeb\x57\xec\x93\x8f\x2f\x89\
\xa4\x5e\x53\x23\x70\x08\x0f\xf1\x86\x39\x3e\x5d\xf9\x56\xd9\xf1\
\x61\xce\x9d\x16\xe3\x03\xfd\xe6\xc5\xbb\x9c\xb7\x53\xf8\xb9\xb5\
\xef\x53\xf9\x52\x83\x9b\x87\x94\xdc\xfe\xd5\xe2\x1a\x31\x25\x66\
\x79\xcc\x1e\x77\xcc\x76\x41\x1f\xb9\x52\xf0\xdd\x77\x7b\x89\x9e\
\x43\x7a\x1e\xb5\x72\x08\x8e\x29\xb4\x3b\xda\xcf\x90\x56\x3d\x59\
\x72\x92\x2d\x5b\xec\x81\x35\x63\x6f\xff\xc8\x92\xd7\xbe\x66\xc8\
\xeb\xff\x61\x95\x39\x1d\xac\x19\x2a\xcb\x39\x94\xba\xd3\x6b\x22\
\xc9\x68\x50\x3c\xf6\x71\x7d\x35\xe6\xde\x9c\xc5\x07\xce\xd1\xf4\
\xa4\xd7\x0d\xe2\x9c\x4a\x8e\x5a\x23\xe6\x38\xdf\x81\xfe\x5a\x95\
\x2d\x86\xbc\x85\xa4\x1d\xd1\xbd\x97\x39\x24\x6d\x84\x95\x6b\xed\
\xae\xb3\x0b\xaa\x29\x92\x17\xce\x94\x7d\x7e\x4d\xbf\x86\xb6\x6c\
\x76\xc5\x8c\x8f\x7d\x7f\xf1\x10\xcf\x16\xf7\x5d\x70\xa8\xa0\xd4\
\x1a\x3a\x73\x3e\xfc\xcc\x1b\xff\xe5\x95\x75\xe2\x9a\xe7\x8d\xcc\
\x99\x65\x9d\x87\x52\xe6\x59\x1a\x2e\xd5\x73\x07\xfe\x3e\xa3\xea\
\xbb\xe6\x96\x10\x4f\xa2\x5b\x97\xe9\xee\x1d\xac\xc9\x87\xe0\xfa\
\xb0\xcb\x82\x7f\x04\x6d\xaf\xc1\xb7\x2c\xbb\x9f\x6a\xee\x63\xd9\
\xaa\x65\x5d\x4f\x67\xf6\x63\x78\x88\x3b\x8a\xf1\x11\x9b\x2c\x28\
\xb1\xb3\xb3\x6b\x17\x66\xaf\xa2\xdf\x09\xa6\xe4\x3c\x2c\x71\x9b\
\x52\xdf\xf1\x3b\x8f\x35\xa7\xc4\x96\x3b\xa2\x6d\x5a\xee\xee\x11\
\x7c\xc7\xcc\x25\xa2\x69\x93\xd0\xf4\x51\x5a\x0e\xb1\xad\x7b\x48\
\x82\x36\xfc\xe8\xff\x9c\xf7\x53\xf1\x73\xc7\x0a\x65\x72\xef\xe3\
\x02\xe9\x37\x49\x24\xfd\xef\x95\xc8\xa0\x29\x22\x79\xe9\xbc\xf3\
\xb5\x03\xf8\xb9\x97\x2e\xe0\xfe\x1f\xc5\x5c\x96\xd9\x90\x25\x9f\
\x5c\x2b\x7d\xee\xd0\x3c\xaf\x27\x92\xdc\x16\x14\xce\x03\xa2\x5a\
\x70\xea\xba\x0f\x73\x6d\xd8\xca\x6a\xee\xb0\x15\x7c\xb7\xfb\x36\
\x42\x71\x48\x4d\xb1\x76\xaf\x13\x9c\x3a\xae\x32\x07\x7e\xc7\x7b\
\xf9\x6b\x78\x19\xdf\x55\xba\xe8\x39\xe7\xed\xbe\xda\x3f\x75\xf3\
\x69\x5f\x66\xd8\x4c\xe7\x79\x08\xaf\xb5\xf5\x30\xa3\xf8\x1c\xea\
\xf7\x9b\x77\xe3\x48\x69\x6b\xe2\xd4\xef\x6e\x3a\x48\xd7\x34\x63\
\xce\xa3\xf1\x0a\x46\x7d\xc6\x1c\xfb\x75\xa5\x5f\x90\xbb\xd3\xef\
\xd0\x0b\xae\xed\xfe\x87\x50\x1c\x32\xda\xc2\x21\xb2\xfd\x35\x10\
\x65\x5d\xab\x8b\x39\xac\xf6\x03\xe8\x73\xe4\xb6\x60\xc9\xb1\x22\
\xe7\xce\x61\xae\x4b\x16\xa8\xba\xe4\x3e\x13\x9c\xc5\x97\x4c\x06\
\xdc\x47\xe5\x4d\x94\x35\xd7\xfd\xbf\x54\xea\x1b\x94\xf5\x2c\xcd\
\x36\xd8\xab\x49\x9f\x55\xc5\xfd\x70\xab\x0a\x72\xc8\x66\x42\x71\
\x48\x88\x95\x43\x94\x79\xff\x2e\xef\xb3\xb8\xde\xdb\xfa\x99\xb2\
\xae\xd5\xc5\x1c\xd6\x98\x07\x69\x7c\xc4\xa6\xa0\xff\xe0\x5c\x6d\
\x09\xe2\xe3\xd1\x67\xb0\xae\xb0\xb8\x0f\xc7\xcf\x77\x6e\xbf\x86\
\x77\x7f\xe5\xc1\x57\xa1\xfc\x8a\xe0\xa4\x7e\xe6\x58\x1e\xb9\xc3\
\xfe\x5a\x38\xdc\xfb\xef\x76\x58\xeb\x54\x55\x52\x00\xfa\x37\xb1\
\xc7\x21\x13\xd1\x4f\xbd\x22\xda\xfa\xa9\x73\xcb\x66\x1f\xe6\xae\
\xa7\xeb\xce\x83\xc3\x71\xef\x2a\xd6\x29\x8c\xe1\xf7\xa7\x2d\xd7\
\xee\x8b\x25\x93\x87\x36\x95\x5e\x17\x84\x7f\x5f\xb0\x83\x5a\x53\
\x8b\xf3\x06\x38\x7f\xa0\xee\x05\xa4\xd4\x55\xda\xae\xa3\x7d\xa0\
\x8a\xdb\xff\x56\x17\x9c\x73\xda\x44\x6c\xfc\x90\xe3\xac\x85\x43\
\x94\xba\x66\xa2\xed\xdf\x94\x2c\x9e\xec\xff\xcb\x39\x3f\xf5\x33\
\x65\x6e\x4d\x20\xc5\xef\xe9\x96\x89\x5f\x00\x47\x76\x7d\xea\x1c\
\x07\x21\xff\x8c\x9c\x53\xcc\x3f\x4e\xd5\x29\x9a\x2c\x6b\x6a\xbb\
\x51\xbc\x85\xf5\xb7\x58\xe7\x81\xcf\x95\x33\xf2\xa2\xbd\x35\xf8\
\xb8\x6e\xe8\x6e\xca\x95\x3a\x2b\xc8\x21\xd4\x1e\x33\x21\x69\x23\
\x98\xdc\xf1\x9c\x84\x6d\x99\xd1\xff\x0b\x3a\x9f\x8a\xfb\x96\x39\
\xbb\x56\x17\x31\xf0\xfa\xb7\x12\xc4\x30\xb8\xf7\x1b\x4f\xa6\x2d\
\x33\x92\x07\x37\x14\x92\x03\xff\x38\x1b\x07\xd1\xb9\x75\xf4\x35\
\xb7\x1f\x2d\x39\xb7\x6e\x67\x4d\x2d\x6a\x78\xc6\xbd\x4a\xdd\x9c\
\xb2\x7f\x47\xcb\xed\xf6\xf6\xef\xb8\x1d\xd6\x58\xbb\x42\x90\x43\
\x36\x12\x2d\x87\x68\xe6\x76\xd1\x5e\x07\x27\xf5\xa5\x7d\x88\x6e\
\x23\x58\x65\xed\xa4\x33\x36\x46\xdd\x97\x4c\xab\xce\xc6\xc8\xb8\
\x97\x59\xa3\xf6\xc5\xd7\xc6\x3e\x7f\xe5\x73\xa1\x44\xee\xb9\xa0\
\xac\x95\xa1\x73\x1e\xe0\x43\xa5\x76\xf9\x40\xb1\x2d\x0e\xb8\x03\
\xeb\x63\xca\xfc\x62\x9e\xbb\x48\xf2\x41\xff\x24\x9a\x36\xab\x89\
\xbe\xdc\x58\x46\x52\xe6\xfd\x5b\x3f\xcb\x52\xb6\x3a\x2a\x41\x50\
\x6a\xfe\xca\x5a\xbf\xa5\x5d\x73\xe9\xcc\xe7\x3f\xfe\x57\x24\xa9\
\xd9\xc5\x3e\x66\xad\x78\xac\x69\x73\x5c\xc7\xaa\xcc\xc5\x61\x8d\
\x58\x03\xaa\xff\x71\x1f\x39\xdc\x13\x0a\x9f\x25\xc1\xbe\xdf\xf1\
\xa8\x0b\xda\xfc\x76\x12\xe4\x90\x75\x44\xd3\x66\xb8\xa7\x2e\xe6\
\xd9\xb1\x4d\x71\x7e\x82\x5a\x03\x81\xb9\x90\xb2\xcd\xd9\xc9\x60\
\x53\x44\x25\x2f\xfe\xea\x97\x1c\x39\x78\xa9\xf4\xf8\xc5\x5c\x07\
\xcf\x91\x88\xd8\xe2\xeb\x26\xd5\x15\x95\xf3\x38\xfa\x2e\xde\xcf\
\xc6\x7d\x2c\xf1\xf6\xa5\xf6\x61\xc5\x39\x69\xdc\x8f\x32\x67\xc4\
\x5f\xf6\x62\x16\xac\xef\x48\xab\xfa\x26\xbf\xed\xa4\x1e\x28\xbe\
\xbb\xd9\xda\x76\x81\xd1\xad\x59\x8c\x61\xc0\x6e\x4b\x21\x69\x74\
\xed\x15\xe9\x3e\xca\xb9\x75\x76\x6a\x2d\x48\xdd\x02\xb3\x4f\x10\
\x58\xd3\x3c\x1f\x7b\xf0\x62\xc9\x3e\x88\x52\x77\x7a\x01\xf7\x4f\
\x2e\xee\xeb\xac\x46\x0c\x39\x7a\xdd\xf1\xf7\x30\xae\x1a\x3c\x8d\
\xca\x79\xa0\xad\xac\xd3\xfb\x14\x87\x38\x8f\x6b\xba\xc6\x5e\xbe\
\xe3\x89\xaa\x6f\xea\xdb\x56\x9e\x24\x9a\xb6\x43\x1f\x4e\x59\xdb\
\x7d\x8f\x49\xc6\xd8\x90\xe2\x65\xcc\xb7\x3b\xb3\x66\x12\xc7\xf4\
\xba\x0f\x78\xed\xbe\xc4\xc4\xd3\x5b\x54\x6a\x4a\x4b\xe2\x1f\xfc\
\xdb\xce\x13\x46\xe2\xe3\x5f\xec\x67\x36\x6c\xc7\x80\x4f\x22\x38\
\xb4\x2d\x18\x57\x25\x67\x52\x39\x0f\xdc\x47\x09\xd7\x91\x3a\x58\
\x0b\xf7\x0b\x68\x9d\xaa\x6e\xe4\xdb\x58\x6c\xf6\xba\xc3\x5a\xdd\
\xcc\x41\xdf\xf1\x58\x3f\x83\x35\x57\xd6\xbf\x21\x87\x6f\xdc\x5f\
\xba\x8d\x51\xd6\x27\xfc\xc8\x93\xc8\x38\xaa\xb6\x8f\x3c\xf6\x2c\
\x5f\xe2\xde\x2e\x4a\x5d\xf2\x41\x23\xf1\xf2\xd6\xe4\xd6\xbb\x8a\
\x0e\x73\xeb\xf8\xf9\xd5\xef\x50\xfb\x35\x10\xa5\x86\x70\x95\x62\
\x5b\xa2\xf2\x17\xda\xab\xef\x58\x56\xc5\xed\x7b\x27\x08\xc6\x79\
\xda\x36\x34\xa1\x6d\xa9\x37\xea\x32\x1f\x14\xd3\x5e\xb7\x46\x66\
\x8a\x73\xb9\x32\xac\x1d\x69\xd6\x95\xde\x6b\xe4\xfe\xd5\x25\xe7\
\xb9\x94\xfd\x39\xde\xe0\xa9\x75\x9a\x2d\x7b\xe2\xde\x33\x25\xd8\
\x96\xa9\x94\x0d\xc4\xb8\x3c\x63\xc0\x37\x7c\xc6\x80\xaf\xe9\xb9\
\x24\xb3\xde\xaa\xfb\x51\xde\xea\x82\xb5\xcc\x9f\x11\xad\x9d\x71\
\xf3\x94\xc0\x76\x1b\x23\xb2\xa7\xd3\x7b\x13\xe2\x9e\x43\x3b\x8f\
\xb3\x0a\x0f\x50\x7b\xc1\x68\x14\xff\xfd\x99\x92\xe7\xa2\xbf\x8b\
\x79\xaf\xcf\x94\x79\xff\xe2\xef\x9c\xd7\x28\xee\x99\xfe\xe8\x4e\
\xfa\x9d\x02\xcd\xbb\x89\x4a\xdd\xd1\x05\xdd\x67\x2f\x98\xcc\x6b\
\xae\x75\x7b\x01\x05\x27\xf6\x42\xdb\xc2\x87\xd5\x9d\x48\xd7\xaf\
\x9a\xf5\xf1\x2a\x6d\xd5\x3b\x4b\x6c\x6a\x99\x3d\x7c\xc2\x04\xff\
\xf0\x86\xb6\xed\x8c\xf1\xe7\xd2\x97\x19\xf2\xe6\x0f\xbc\xe2\x73\
\x1e\xbd\xc1\x93\xe3\x45\xa2\xa2\xb8\x2f\xdd\x91\xab\x58\x17\xc0\
\x93\xfe\xf7\xd2\xf8\xc8\x6a\xc8\x91\xdd\x10\xcb\x1c\xba\xcc\x2b\
\xdf\xc1\xcf\xe2\xcf\xc3\x57\x78\xb2\xef\x4f\x11\x62\x17\x9e\xf4\
\x9d\x48\x7f\x27\x39\x93\x23\xcf\x9f\x61\xc8\xfb\xbf\x4b\x64\xdf\
\x5f\xa2\x92\x67\x43\x9f\x63\xdf\x5f\x12\x59\xfb\x1e\x47\xfc\x83\
\xa8\xb9\xda\xf0\x8c\x7b\x8a\xa2\x1b\x3c\xce\xb8\x79\xfa\xeb\xe3\
\x59\xdc\xeb\xb1\x52\x5e\xe8\x75\x97\x4a\x28\x31\xaf\x35\xd5\x8f\
\x39\xfb\x8a\x39\x55\x5c\x3b\x90\x9c\xc1\x29\xf5\x19\xf5\x9a\xf1\
\xa4\x7e\x73\x81\xe4\x34\xe1\x60\x4c\x33\x24\x26\x59\x50\xd6\x44\
\x6a\xbf\x83\x73\x23\xc8\x3f\x69\x39\x2c\xc4\x25\xac\x52\x3f\x9c\
\x09\xf8\x4b\xaf\xcf\x90\xf8\x34\x5e\x59\x23\xab\x59\xcb\x64\xf9\
\x8e\x39\x47\x16\x9d\x28\x91\x84\x74\x5c\x93\xcb\x91\x84\xda\x1c\
\x89\x4b\x15\x48\x48\xa4\x84\xef\xc0\xd1\x7e\xde\x52\x03\x67\xef\
\x1d\x35\xd5\xf3\x2c\x15\x97\x61\xa0\xf6\xf6\xfa\xbc\xdd\x15\xe7\
\x68\x13\x2b\xaf\x99\xee\x5a\xa9\x01\x7a\x80\xb8\xbe\x3f\x2b\x53\
\x31\xbe\xbd\x13\xd7\x58\xbb\x4a\x06\x10\xdd\x7b\xaa\x2c\x5a\xbc\
\xaf\x87\xd3\x6a\x70\x52\xdd\x4a\x55\xcc\xcb\x38\x50\x59\x55\xbd\
\xad\xb1\xe8\x7b\xe4\xce\xd8\xdb\xe5\x56\x11\x6c\x4b\xdc\x6b\x8b\
\x6a\x67\x3f\xbf\xfa\x4c\x42\xc2\x96\xa2\x84\x84\xed\x46\xd4\xc4\
\xc4\x1d\xa0\xcf\x14\x25\x26\xee\xb4\xe8\xb3\xa0\xcf\x29\x9a\x94\
\xf4\x7c\x61\x52\xd2\x0b\x16\x7d\x11\xf4\x25\x8b\xee\x2a\x4c\x4e\
\x46\x7d\xd9\xa2\xaf\x80\xee\xb6\xe8\xab\x16\x7d\xad\xc8\xac\x7b\
\x8a\x52\x52\x50\x5f\xb7\xe8\x5e\x63\xb1\xbe\x61\xd1\x37\x19\xd4\
\xd4\xd4\x77\xd8\x98\x98\x65\x45\x6e\x6e\x3e\xfa\x77\xee\xe1\xbb\
\x94\x3a\xbb\xaa\x21\xef\x60\xb1\xe1\x10\x5f\xdf\x2c\xbe\x7e\xfd\
\x4b\x42\x41\x81\xc9\x74\x0b\xaa\x0c\xf8\xb0\x97\x0b\xdb\x0d\xea\
\xed\xaa\x46\xbc\x83\xc5\x86\x43\x0c\x06\x4f\x09\xc6\x2e\x8b\xfd\
\x91\x9f\x2f\xdf\x42\x6a\x32\xd5\xab\xf7\xa7\xe0\xeb\x9b\xad\xcf\
\xa3\x5f\x23\xe6\x75\x3f\xd5\x72\x73\xc4\x86\x43\x42\x42\x06\xb3\
\x79\x79\x82\xe4\x7a\x4c\x14\x2b\xe2\x15\xec\x1e\x70\x87\xcd\x1e\
\xfa\xaf\x92\x6a\xee\xb8\x99\x82\x1c\xf2\x11\xd1\xb4\xb9\x87\x47\
\x98\x50\xb7\xee\x05\xee\xd6\xe1\x10\x93\xa9\x7e\xfd\xcb\x82\xbf\
\x7f\x63\x7d\x4c\x5e\x48\xaa\xfd\x8e\xaa\x90\xbe\xa0\x54\xfe\x34\
\x32\x72\x36\x03\xfd\x22\xbb\x1e\x1b\x66\xee\x00\x1f\x98\xc1\x77\
\x12\x10\x1a\x1f\xef\x80\xfa\xb9\xac\xd5\xee\x1e\xc1\x77\xee\xbe\
\x4f\x34\x6d\xef\xe5\x15\x2f\x64\x65\xfd\x97\xc7\xb1\xeb\x7a\xee\
\xb8\x2a\x06\x06\xb6\xd4\x73\x07\xe2\xb9\x8f\xcb\x5a\xec\xee\x93\
\x9e\xa0\xda\x7d\xae\xe5\xa8\xa8\xf9\x2e\xe7\x10\xe4\x0e\x88\x91\
\x59\xf4\x9b\x09\x8d\x8f\x3b\x65\x2f\xdb\xdb\x45\x90\xa7\xdf\x22\
\x9a\x3e\xf0\xf6\x4e\xe2\xb3\xb2\xbe\x77\x21\x87\x20\x77\x5c\x03\
\xee\x68\xad\xe7\x0e\xf4\xa7\x07\xb8\xac\xa5\xee\x5e\xe9\x02\x7a\
\x83\x50\x1c\x32\xcf\x65\x1c\x62\xe6\x8e\x57\xec\x71\x07\xbe\x7f\
\x3e\xc0\x65\xad\x74\xf7\x8a\x0f\xe8\x6b\x84\xf2\x43\x62\x85\xcc\
\xcc\xaf\x5d\x10\xcb\x38\xe4\x8e\x2b\xe4\xce\xde\x8f\xf2\x56\x97\
\xb6\x44\xb7\xc7\x4c\x44\xc4\x14\xe0\x10\xa9\x4a\xf3\x21\x25\xf8\
\x1d\x5b\x40\x3d\x5c\xd6\x3a\xd5\xe2\x05\xfa\x02\xa1\xf2\x21\xa1\
\x42\x9d\x3a\x27\xab\x90\x43\xd4\x98\xa5\x95\x9e\x3b\x2e\x82\x36\
\x70\x59\xcb\x54\x8b\x2a\xcd\x88\x6e\x8f\x99\x9a\x35\x07\xb2\x79\
\x79\xac\x54\x15\xbe\xaa\x39\xdf\xf1\x92\x23\xbf\xc3\xc7\x65\xad\
\x52\x2d\xaa\xd8\xec\x31\xe3\xe6\xe6\x2b\xa5\xa4\xbc\x51\x05\xf3\
\x32\x66\xee\x08\x08\x68\xa1\xe7\x0e\xb4\x79\x5d\x5d\xd6\x22\xd5\
\xa2\x17\x9b\xb5\xdd\x01\x01\x4d\xb9\x7a\xf5\x2e\x09\x37\x93\x43\
\x4a\x88\x59\xd6\x12\x33\x6e\xab\xe5\xd6\x10\x03\xe8\x1a\x42\xf5\
\x91\x41\x8e\x8d\x7d\xf2\x26\xc6\xbb\x26\x53\x6e\xee\x0d\x31\x28\
\xa8\xbd\xbe\x6e\xe9\x67\x52\xbd\xd6\xe9\x56\x94\x6c\xd0\xdf\x08\
\x15\xef\xc6\x09\x19\x19\x5f\xdc\x14\x5f\x15\xcf\x89\x35\x40\x6e\
\x6e\x3e\x7a\xee\x78\xda\x75\x4d\x50\x2d\xa5\xc8\x52\xa2\xab\x31\
\x0b\x09\x19\x02\xbe\x2a\x23\x56\xb6\x9d\xc9\xcb\xe3\xa4\x9a\x35\
\xfb\xea\xb9\x03\xd7\x0d\xd7\x77\xd9\xd3\x57\x4b\x69\x82\xef\xa9\
\xa2\xde\x97\x69\x30\x78\x4b\x89\x89\xcf\x31\x95\xc9\x21\x78\xae\
\xda\xb5\x8f\xb2\xee\xee\x35\xf4\xb5\x83\x2b\x89\xd9\xd6\x55\xcb\
\xad\x2b\xf3\x89\x8e\x43\xbc\xbd\xd3\xf8\xcc\xcc\x6f\x2b\xc9\xce\
\x98\x80\x3b\x58\x11\xeb\x92\x74\xd7\x41\xdb\x96\xe9\xb2\xa7\xae\
\x16\x67\x25\x81\x98\xdf\x77\x40\x61\x24\x38\xb8\x0f\x0b\xb1\xa8\
\x4d\xad\xaa\xd9\xee\x94\xae\xea\xe7\xb1\x56\x2d\x2e\x6e\x0d\x83\
\xbc\xa4\xbb\xc6\x52\x97\x3d\x71\xb5\x94\x55\x70\xef\x50\x5d\x6d\
\x9f\x41\xae\x59\xb3\x3f\x9b\x96\xb6\x8f\x01\x9f\x55\xc8\xcc\xfc\
\xca\x94\x99\xf9\xb5\x0c\xbc\x22\x65\x65\x7d\x27\x66\x65\xfd\x28\
\x64\x67\xff\xc2\xe7\xe4\xfc\xce\xe5\xe4\xfc\x1f\x9b\x93\xf3\x27\
\x5b\xaf\xde\x9f\xf0\xf3\x0f\x0e\xff\x96\x91\xf1\x29\x9f\x92\xb2\
\x87\x0d\x0d\x1d\x01\x3e\xa9\x9f\x1e\x1b\x3f\x91\xbb\xe3\xdd\x3d\
\x77\x8a\x44\x81\x5e\x20\x3a\x0e\x21\x4a\xee\xcc\x5b\xf4\xf0\x08\
\x91\x3c\x3c\xc2\x4c\x1e\x1e\xe1\xb2\xa7\x67\x84\xe4\xe9\x59\x4b\
\xf4\xf4\x8c\xe6\x21\xde\xe1\xbc\xbc\x12\x59\x6f\xef\x64\xd0\x54\
\x8b\x26\xb1\xf0\x37\xc1\xdd\x3d\x58\xb4\xb3\x97\x9c\xaa\x0b\x5d\
\xf2\x94\xd5\x52\x11\xb1\x59\xdb\x7d\x93\xf4\x3b\x52\xbd\xa7\xdc\
\xed\x28\x61\xa0\x27\xc9\xcd\xc7\x47\xf5\x7e\x94\xb7\xaf\x8c\x22\
\xe6\xb5\xae\xba\x3e\xc5\xbd\xbf\x3c\x44\xb3\x62\x6e\x1c\x15\xf7\
\xfb\xf1\x82\xe3\xde\xa8\xf0\x19\x1f\xf8\x89\x6b\xfd\x71\x5f\x7d\
\x3f\xc1\xce\x5a\x05\x54\xf4\x83\xe3\x5d\xf4\x6c\xd5\x52\x71\x09\
\x06\x3d\x44\x6c\xfa\x35\x99\x23\x64\x46\x11\x21\xb3\x8d\x84\xdc\
\xcf\x80\x42\xac\x3a\x07\x8e\x3d\x00\x38\x78\x00\x30\x31\x17\xb0\
\xf0\x10\xfc\x9c\x07\xd8\x98\x0f\xc7\x70\x3f\x9a\x60\x3d\xce\x10\
\x2f\x77\xdb\x7b\xbf\xee\x44\x19\x48\x6c\xd6\x76\xc7\x41\x5f\xaf\
\x86\x7e\xdf\x0e\xbf\x6f\x2b\x45\x77\x80\x4e\x84\xef\xdb\xf8\xa6\
\xb8\xb7\x51\xf5\xfb\x37\x6e\x7f\xc1\xba\xf1\x0f\x09\xd5\xb7\xb8\
\x36\xe5\x3e\xd6\xdc\xff\x5b\x4a\xd1\xf5\xc0\x21\x59\xfa\x5c\x18\
\x62\x65\x8a\xcb\x9e\xa8\x5a\x2a\x5b\x7a\x11\x7a\x3d\x04\x68\x0e\
\x6b\xee\xfb\x92\xb0\x81\xf8\x99\x0e\x9f\xf3\xd2\xc7\x41\x67\x41\
\x23\x5d\xf6\x34\xd5\x52\xd9\x62\xb3\x1e\xc2\xec\x93\x96\xc6\x21\
\x1b\xe0\x33\x79\x7a\xee\x40\xac\x4c\x74\xd9\x93\x54\xcb\xcd\x92\
\x4e\xc4\xbc\xf7\x86\xa6\xaf\xd3\x39\xb3\x1f\xb2\xd5\x01\x77\xcc\
\x04\x6c\x78\xeb\xb9\xe3\x04\x31\xc7\xce\xd5\x72\x67\x09\xbe\x2f\
\x73\x07\xb1\x89\x73\x87\x42\xfc\xb2\x4d\x76\x92\x3b\x30\x86\x19\
\xe5\xb2\x27\xa8\x96\x9b\x2d\xb8\x0f\x2d\x35\xff\x4f\x48\x34\xf4\
\xf9\x72\x9e\xe6\x10\xd5\xef\xb0\xe1\x8e\xc3\xa0\x35\x5d\x75\xf3\
\xd5\x52\x25\x72\x1f\x28\xbd\xc7\x36\xe9\x03\x1c\xb2\x55\xa6\x63\
\x96\x7a\x7a\xee\xc0\x1a\xe4\x21\x2e\xbb\xeb\x6a\xa9\x2a\x09\x02\
\xfd\x80\x50\x7d\x1f\x0e\xfc\xb1\xd8\xc2\x21\xc8\x1d\x53\xed\xc5\
\x2c\xfb\x2d\xdf\xad\x96\x3b\x5f\xf4\xbe\x2a\x70\x47\x57\x0b\x87\
\xa0\xdf\x51\x5f\xcf\x1d\xb8\x3f\x43\x3f\x97\xdd\x6d\xb5\x54\xb5\
\xe0\xba\x25\x5d\xbc\x5b\x13\x6c\xce\xe3\x60\x43\x66\x01\x36\x6c\
\xf6\x1c\xc4\xfd\x28\xfd\x5d\x76\xb7\xd5\xe2\x0a\x19\x4a\x68\x3f\
\x04\xb4\xa1\x91\x90\x34\x7b\xfb\x42\x75\x77\xd9\x5d\x56\x8b\xab\
\x24\x04\xf4\x63\x62\x3b\xe7\x66\xd2\xe9\xcb\xa4\x7a\x9d\xe4\xdd\
\x2a\xb8\x87\x88\x2e\x67\x46\xe9\xbf\xa0\xcd\x5d\x76\x77\xd5\xe2\
\x6a\xc1\xf5\xff\xbb\x88\x63\x7c\x6c\x27\xd5\xfb\x33\xdc\xed\xd2\
\x92\x98\x79\x42\x8f\x0d\x7c\xdf\x7b\xf5\xfe\x0c\xd5\x82\xeb\xa8\
\x71\x1f\x17\x3d\x3e\xf0\x3d\xab\x6e\x2e\xbc\xaf\x6a\xb9\x75\x04\
\xd7\xee\xfe\x4c\x8a\xb1\x81\x6b\x9d\x72\x5c\x7a\x47\xd5\x72\xab\
\x09\xbe\x8f\x05\xdf\xdd\x8d\x7b\xcd\x4c\x25\xd5\xeb\x24\x89\xc9\
\x22\xe4\x51\xf5\x17\xcd\xb1\x56\x36\xc7\x64\x92\xe0\xd4\x31\x91\
\xd4\x70\xea\x18\x4b\xbc\xed\x1c\x73\xb7\x39\x76\xd5\xce\xb1\x5f\
\x88\xc1\xa9\x63\x87\xad\xbf\x95\x7c\x6c\x21\x51\x1b\xa1\xe4\x63\
\xf0\x5b\x2b\x27\x8e\x61\x98\x9c\xe0\xc4\x31\x4c\xc3\xd5\x70\xe2\
\x18\xeb\xe0\x98\xb7\xee\xd8\x55\x3b\xc7\x7e\x81\xdf\xdc\x9d\x38\
\x06\xcd\xa2\x36\x20\x75\x8c\xe8\x8e\x2d\x74\x74\xec\x51\xfa\x18\
\x71\x74\xac\x15\x75\x4c\x76\x78\x2c\x81\x3a\x26\x3a\x3c\x56\x83\
\x3a\xc6\x3a\x3c\xe6\x4d\x1d\xbb\xea\xf0\x98\x3b\x75\xec\x17\x3b\
\xc7\x94\x66\xb1\x34\x56\x49\xc7\x16\x6a\xc6\x59\x49\xc7\xcc\x87\
\xcc\x8d\x55\xc2\x31\xd9\x72\xac\x55\x29\xc7\x44\xcb\xb1\x84\x52\
\x8e\xb1\x96\x63\x35\x4a\x39\x76\xd5\x72\xcc\xbb\x94\x63\xbf\x58\
\x8e\xb9\xdb\x39\x66\xd0\x1c\x3b\x5c\xc2\x31\xa2\x39\xb6\xb0\xa4\
\x63\x8f\x16\x1f\x23\xb6\xc7\x64\xeb\xb1\x56\x25\x1e\x13\xad\xc7\
\x12\x4a\x3c\xc6\x5a\x8f\xd5\x28\xf1\xd8\x55\xeb\x31\xef\x12\x8f\
\xfd\x62\x3d\xe6\x5e\xe2\x31\x6b\xb3\x28\x8d\xe5\xf8\x98\xb5\x59\
\x94\x7f\x39\x3e\x56\x7c\x08\x1b\xcb\xe1\x31\x59\x73\xac\x55\x09\
\xc7\x44\xcd\xb1\x04\x3b\xc7\xfe\xbf\x1b\x3b\x36\x42\x18\x86\xa1\
\x00\x1a\x5f\x0a\x97\x19\x21\xa3\x78\x34\x7b\x34\x8f\xe2\x11\x52\
\xa6\xe0\x62\x0e\x12\x40\x92\xbf\x14\xd5\xa4\x7c\x0d\x87\x21\xd6\
\xd7\x5f\x2e\xdb\x9d\xb6\x11\x8b\xc0\xe6\xcb\xda\x8d\x85\xcb\xea\
\x60\x91\xd9\x74\x7e\xfb\x54\x46\x8b\xcc\x32\x3d\x25\xc3\x92\x66\
\x85\xdb\xea\xb4\x45\xb3\xca\x2d\x3a\x6d\xd6\xac\x71\x0b\x4e\x7b\
\x87\xed\x4d\x58\x76\x5a\x52\x6c\x17\xb6\x3a\x6d\x51\x4c\x7e\x46\
\x54\xac\x09\x9b\x15\xab\xc2\x82\x62\x65\x1a\x1f\x64\xff\xfc\x14\
\xa7\x55\xa7\x35\xa7\xc9\xdf\x57\x33\xf9\x7f\xd1\xec\xe1\xb4\xc3\
\x69\xe0\x9e\x98\xe8\x8d\x6d\x5a\xbd\xb7\xa0\x59\xe3\x36\x6b\x26\
\x0e\x2b\x02\x7b\xbd\x5b\x5d\x1c\xd6\x0a\xec\xf5\xee\x77\x71\x58\
\xef\xfb\x99\x1f\x4c\x04\x96\xce\x7b\xfc\xd6\xf2\x69\x85\x7d\xc4\
\x38\x03\x90\x05\x63\x7e\x50\x9b\x8d\x79\x84\xe6\xd6\x7e\x63\x8b\
\x31\x2f\xef\xe6\xea\xc7\xbc\x73\xda\x3b\xf7\xdd\x39\xa2\x7e\x29\
\x80\xfc\x82\xec\x97\x69\xbc\x19\xc9\x9b\xb9\xbc\x19\xee\x30\xed\
\x97\x09\xbb\x69\x24\x77\x16\xcb\x9c\x79\x97\xda\xe7\xb0\x50\x7e\
\xa6\x86\xb2\xf7\x6e\x18\xcd\xf2\x0f\xc3\x56\x62\x87\x61\x89\x58\
\x37\x2c\x53\x2b\xba\x75\x6a\x55\x35\xbe\x5b\x35\xd5\xf8\xae\x86\
\x76\x3a\xb4\xfb\xa1\x1d\x11\xed\x92\x68\xe7\x44\xbb\x29\xda\x61\
\xd1\xae\xdb\x55\xcb\xdc\x8a\x66\x9d\x5b\x05\xd6\xa6\x71\xb7\x6f\
\xd3\xd8\x01\x6c\x8a\xc9\x4e\x01\x75\x0f\xa8\xa3\xd0\xfa\x8d\x55\
\x98\xd6\x97\x24\x61\x5d\xb1\x2c\xad\x60\xeb\xd2\x2a\x34\x5f\xb7\
\x84\x7a\x29\x64\xb8\xe7\x1a\xcd\xdb\x9b\x79\x7b\x38\xd4\xe1\x31\
\x7b\x02\xf0\x89\x92\x9f\
"

qt_resource_name = b"\
\x00\x05\
\x00\x6f\xa6\x53\
\x00\x69\
\x00\x63\x00\x6f\x00\x6e\x00\x73\
\x00\x08\
\x06\x49\x5d\xe7\
\x00\x51\
\x00\x41\x00\x50\x00\x46\x00\x2e\x00\x70\x00\x6e\x00\x67\
"

qt_resource_struct_v1 = b"\
\x00\x00\x00\x00\x00\x02\x00\x00\x00\x01\x00\x00\x00\x01\
\x00\x00\x00\x00\x00\x02\x00\x00\x00\x01\x00\x00\x00\x02\
\x00\x00\x00\x10\x00\x01\x00\x00\x00\x01\x00\x00\x00\x00\
"

qt_resource_struct_v2 = b"\
\x00\x00\x00\x00\x00\x02\x00\x00\x00\x01\x00\x00\x00\x01\
\x00\x00\x00\x00\x00\x00\x00\x00\
\x00\x00\x00\x00\x00\x02\x00\x00\x00\x01\x00\x00\x00\x02\
\x00\x00\x00\x00\x00\x00\x00\x00\
\x00\x00\x00\x10\x00\x01\x00\x00\x00\x01\x00\x00\x00\x00\
\x00\x00\x01\x6b\x43\x38\xf6\x58\
"

qt_version = [int(v) for v in QtCore.qVersion().split('.')]
if qt_version < [5, 8, 0]:
    rcc_version = 1
    qt_resource_struct = qt_resource_struct_v1
else:
    rcc_version = 2
    qt_resource_struct = qt_resource_struct_v2

def qInitResources():
    QtCore.qRegisterResourceData(rcc_version, qt_resource_struct, qt_resource_name, qt_resource_data)

def qCleanupResources():
    QtCore.qUnregisterResourceData(rcc_version, qt_resource_struct, qt_resource_name, qt_resource_data)

qInitResources()
